Symbol,RSI,Date,Time Frame
BTC,49.13904454561112,2024-08-01 11:59:51,1d
ETH,42.34894675495463,2024-08-01 11:59:51,1d
BNB,48.87016023578445,2024-08-01 11:59:51,1d
SOL,52.19420405387668,2024-08-01 11:59:51,1d
XRP,60.69451088288906,2024-08-01 11:59:51,1d
DOGE,45.48384903008435,2024-08-01 11:59:51,1d
ADA,41.505665103433216,2024-08-01 11:59:51,1d
TRX,41.74135628086445,2024-08-01 11:59:51,1d
AVAX,40.789045252897054,2024-08-01 11:59:51,1d
SHIB,39.16541607899277,2024-08-01 11:59:51,1d
BCH,58.23395217846433,2024-08-01 11:59:51,1d
LINK,43.672060190517286,2024-08-01 11:59:51,1d
DOT,34.21416989575411,2024-08-01 11:59:51,1d
NEAR,41.816989570268156,2024-08-01 11:59:51,1d
UNI,36.218379111170805,2024-08-01 11:59:51,1d
LTC,47.69752824266628,2024-08-01 11:59:51,1d
MATIC,38.53388311245899,2024-08-01 11:59:51,1d
PEPE,44.090836576412705,2024-08-01 11:59:51,1d
ICP,46.28527228754402,2024-08-01 11:59:51,1d
ETC,42.3099520989806,2024-08-01 11:59:51,1d
APT,40.70153399422554,2024-08-01 11:59:51,1d
XLM,48.026254326294975,2024-08-01 11:59:51,1d
FET,38.31482605614262,2024-08-01 11:59:51,1d
MKR,52.65540943957607,2024-08-01 11:59:51,1d
STX,45.49111849664932,2024-08-01 11:59:51,1d
FIL,43.67601010303202,2024-08-01 11:59:51,1d
ATOM,37.31112276515885,2024-08-01 11:59:51,1d
HBAR,32.95995925846215,2024-08-01 11:59:51,1d
RENDER,34.110933384289055,2024-08-01 11:59:51,1d
ARB,36.19160169564731,2024-08-01 11:59:51,1d
VET,42.077465780324815,2024-08-01 11:59:51,1d
IMX,41.92095872741902,2024-08-01 11:59:51,1d
TAO,45.13464586510357,2024-08-01 11:59:51,1d
INJ,41.695354003575,2024-08-01 11:59:51,1d
FDUSD,48.29368676443124,2024-08-01 11:59:51,1d
WIF,41.17181117507468,2024-08-01 11:59:51,1d
AR,49.44558301417814,2024-08-01 11:59:51,1d
OP,37.832175677573574,2024-08-01 11:59:51,1d
SUI,36.83640120209752,2024-08-01 11:59:51,1d
GRT,37.434396041401115,2024-08-01 11:59:51,1d
BONK,42.485620567429805,2024-08-01 11:59:51,1d
AAVE,62.173505983462505,2024-08-01 11:59:51,1d
FLOKI,41.47576325969519,2024-08-01 11:59:51,1d
LDO,40.48681550967387,2024-08-01 11:59:51,1d
RUNE,43.965096341883246,2024-08-01 11:59:51,1d
JASMY,48.18911219852663,2024-08-01 11:59:51,1d
THETA,41.08461778557513,2024-08-01 11:59:51,1d
JUP,52.34292143116486,2024-08-01 11:59:51,1d
NOT,40.14466103538639,2024-08-01 11:59:51,1d
PYTH,50.419782136874204,2024-08-01 11:59:51,1d
FTM,36.552047811883675,2024-08-01 11:59:51,1d
ALGO,38.58090889893332,2024-08-01 11:59:51,1d
TIA,39.5470915966884,2024-08-01 11:59:51,1d
FLOW,56.75726253798143,2024-08-01 11:59:51,1d
QNT,38.19842202486454,2024-08-01 11:59:51,1d
SEI,38.87323794986016,2024-08-01 11:59:51,1d
OM,51.587983407914756,2024-08-01 11:59:51,1d
AXS,43.40853878508882,2024-08-01 11:59:51,1d
EOS,44.60943276927376,2024-08-01 11:59:51,1d
EGLD,33.867894125039754,2024-08-01 11:59:51,1d
GALA,38.002841181476015,2024-08-01 11:59:51,1d
ENS,43.804689838960314,2024-08-01 11:59:51,1d
XEC,57.71761006269446,2024-08-01 11:59:51,1d
NEO,42.03445115916294,2024-08-01 11:59:51,1d
STRK,29.703324140456886,2024-08-01 11:59:51,1d
BTC,38.43247318767807,2024-08-03 20:54:15,1d
ETH,31.60664749985824,2024-08-03 20:54:15,1d
BNB,36.36799133081556,2024-08-03 20:54:15,1d
SOL,37.09025013885747,2024-08-03 20:54:15,1d
XRP,46.898069938285516,2024-08-03 20:54:15,1d
DOGE,35.160483070439994,2024-08-03 20:54:15,1d
ADA,33.36775201376071,2024-08-03 20:54:15,1d
TRX,36.61737718405199,2024-08-03 20:54:15,1d
AVAX,32.87023309752385,2024-08-03 20:54:15,1d
SHIB,29.072193707805326,2024-08-03 20:54:15,1d
BCH,42.06670445094391,2024-08-03 20:54:15,1d
LINK,33.43118861149381,2024-08-03 20:54:15,1d
DOT,26.87748589003877,2024-08-03 20:54:15,1d
UNI,29.8666333283726,2024-08-03 20:54:15,1d
NEAR,31.06279163111759,2024-08-03 20:54:15,1d
LTC,34.66950454143593,2024-08-03 20:54:15,1d
MATIC,30.319900494563896,2024-08-03 20:54:15,1d
PEPE,32.959752417291696,2024-08-03 20:54:15,1d
ICP,35.278623977354485,2024-08-03 20:54:15,1d
ETC,31.76979828195499,2024-08-03 20:54:15,1d
XLM,38.43309950581242,2024-08-03 20:54:15,1d
APT,30.860875284818277,2024-08-03 20:54:15,1d
FET,31.30362859179914,2024-08-03 20:54:15,1d
STX,34.045251165093944,2024-08-03 20:54:15,1d
MKR,37.88907706792825,2024-08-03 20:54:15,1d
FIL,33.22903466773549,2024-08-03 20:54:15,1d
HBAR,26.826678081562804,2024-08-03 20:54:15,1d
FDUSD,42.59701018109167,2024-08-03 20:54:15,1d
ATOM,26.624810668271834,2024-08-03 20:54:15,1d
ARB,30.27475977317023,2024-08-03 20:54:15,1d
RENDER,26.885163305281637,2024-08-03 20:54:15,1d
VET,30.79014746135455,2024-08-03 20:54:15,1d
IMX,33.56543780159443,2024-08-03 20:54:15,1d
TAO,35.20560307448034,2024-08-03 20:54:15,1d
INJ,32.04876171539668,2024-08-03 20:54:15,1d
OP,30.357749473183603,2024-08-03 20:54:15,1d
AAVE,59.43726376165246,2024-08-03 20:54:15,1d
SUI,28.55981592765363,2024-08-03 20:54:15,1d
WIF,32.29932025067801,2024-08-03 20:54:15,1d
AR,31.199025175867547,2024-08-03 20:54:15,1d
GRT,28.727078051837637,2024-08-03 20:54:15,1d
BONK,35.649917778570696,2024-08-03 20:54:15,1d
FLOKI,31.938576459467996,2024-08-03 20:54:15,1d
THETA,32.149982380533345,2024-08-03 20:54:15,1d
RUNE,32.913383358776386,2024-08-03 20:54:15,1d
LDO,30.362515834679556,2024-08-03 20:54:15,1d
JASMY,37.34577856349692,2024-08-03 20:54:15,1d
JUP,40.77989337501062,2024-08-03 20:54:15,1d
NOT,32.176719322826116,2024-08-03 20:54:15,1d
TIA,38.592443758885345,2024-08-03 20:54:15,1d
PYTH,34.727973220403015,2024-08-03 20:54:15,1d
FTM,29.894256601596766,2024-08-03 20:54:15,1d
ALGO,28.525009402554048,2024-08-03 20:54:15,1d
QNT,29.585225318200997,2024-08-03 20:54:15,1d
OM,42.71311415899731,2024-08-03 20:54:15,1d
SEI,29.747772640243895,2024-08-03 20:54:15,1d
FLOW,38.39013263013388,2024-08-03 20:54:15,1d
EGLD,25.531058371457902,2024-08-03 20:54:15,1d
AXS,31.996852037020204,2024-08-03 20:54:15,1d
EOS,32.02906189748164,2024-08-03 20:54:15,1d
GALA,29.009367921624317,2024-08-03 20:54:15,1d
ENS,35.4399069723392,2024-08-03 20:54:15,1d
XTZ,29.916793168986388,2024-08-03 20:54:15,1d
XEC,45.400828718669636,2024-08-03 20:54:15,1d
NEO,30.75709709406506,2024-08-03 20:54:15,1d
BTC,38.175460137562425,2024-08-03 21:23:14,1d
ETH,31.60480923392018,2024-08-03 21:23:14,1d
BNB,36.36799133081556,2024-08-03 21:23:14,1d
SOL,36.603987875011356,2024-08-03 21:23:14,1d
XRP,46.83522140676511,2024-08-03 21:23:14,1d
DOGE,35.19777652694275,2024-08-03 21:23:14,1d
ADA,33.38837470537929,2024-08-03 21:23:14,1d
TRX,37.10272967246141,2024-08-03 21:23:14,1d
AVAX,33.06041061499346,2024-08-03 21:23:14,1d
SHIB,29.404410277892822,2024-08-03 21:23:14,1d
BCH,42.238044393247705,2024-08-03 21:23:14,1d
LINK,33.72513655448145,2024-08-03 21:23:14,1d
DOT,26.851011822607973,2024-08-03 21:23:14,1d
UNI,30.305644832658857,2024-08-03 21:23:14,1d
NEAR,30.69949207768599,2024-08-03 21:23:14,1d
LTC,34.65530209957616,2024-08-03 21:23:14,1d
MATIC,30.130555638183097,2024-08-03 21:23:14,1d
PEPE,33.089149909444174,2024-08-03 21:23:14,1d
ICP,35.20653611657477,2024-08-03 21:23:14,1d
ETC,31.848532010172207,2024-08-03 21:23:14,1d
XLM,38.30976658241479,2024-08-03 21:23:14,1d
APT,30.565972552018962,2024-08-03 21:23:14,1d
FET,31.30362859179914,2024-08-03 21:23:14,1d
STX,33.97312660660033,2024-08-03 21:23:14,1d
MKR,37.86104934893434,2024-08-03 21:23:14,1d
FIL,32.92406076388495,2024-08-03 21:23:14,1d
HBAR,26.727400641992844,2024-08-03 21:23:14,1d
FDUSD,42.59701018109167,2024-08-03 21:23:14,1d
ATOM,26.30105952046769,2024-08-03 21:23:14,1d
ARB,30.27475977317023,2024-08-03 21:23:14,1d
RENDER,26.938091552121335,2024-08-03 21:23:14,1d
VET,30.79014746135455,2024-08-03 21:23:14,1d
IMX,33.40175088854038,2024-08-03 21:23:14,1d
TAO,35.31889580020764,2024-08-03 21:23:14,1d
INJ,31.82070262082344,2024-08-03 21:23:14,1d
OP,30.319420046211107,2024-08-03 21:23:14,1d
AAVE,58.56569862589405,2024-08-03 21:23:14,1d
SUI,28.183562465045085,2024-08-03 21:23:14,1d
WIF,32.264228484296794,2024-08-03 21:23:14,1d
AR,31.09091480056513,2024-08-03 21:23:14,1d
GRT,28.611610904034322,2024-08-03 21:23:14,1d
BONK,35.50489535174657,2024-08-03 21:23:14,1d
FLOKI,32.00482503682993,2024-08-03 21:23:14,1d
THETA,31.84629080205319,2024-08-03 21:23:14,1d
RUNE,32.99447240952439,2024-08-03 21:23:14,1d
LDO,30.185818778746892,2024-08-03 21:23:14,1d
JASMY,37.289842295476156,2024-08-03 21:23:14,1d
JUP,40.47314128856042,2024-08-03 21:23:14,1d
NOT,32.211964781933546,2024-08-03 21:23:14,1d
TIA,38.36471816860252,2024-08-03 21:23:14,1d
PYTH,34.46197176810041,2024-08-03 21:23:14,1d
FTM,29.49060386995771,2024-08-03 21:23:14,1d
ALGO,28.321770915383652,2024-08-03 21:23:14,1d
QNT,29.448207986559524,2024-08-03 21:23:14,1d
OM,42.89356717143082,2024-08-03 21:23:14,1d
SEI,29.717050089938397,2024-08-03 21:23:14,1d
FLOW,38.291467345908664,2024-08-03 21:23:14,1d
EGLD,25.35638535060616,2024-08-03 21:23:14,1d
AXS,32.02390947594024,2024-08-03 21:23:14,1d
EOS,32.13787640504333,2024-08-03 21:23:14,1d
GALA,28.707086471320537,2024-08-03 21:23:14,1d
ENS,35.42008722825085,2024-08-03 21:23:14,1d
XTZ,29.916793168986388,2024-08-03 21:23:14,1d
XEC,45.4249714060469,2024-08-03 21:23:14,1d
NEO,30.964367391461636,2024-08-03 21:23:14,1d
BTC,47.504368001884586,2024-08-10 12:08:04,1d
ETH,37.52769282833327,2024-08-10 12:08:04,1d
BNB,43.52960251593812,2024-08-10 12:08:04,1d
SOL,48.12476460290301,2024-08-10 12:08:04,1d
XRP,53.71456566445977,2024-08-10 12:08:04,1d
DOGE,41.090901521991555,2024-08-10 12:08:04,1d
ADA,40.663193051459615,2024-08-10 12:08:04,1d
TRX,49.47857057427502,2024-08-10 12:08:04,1d
AVAX,39.612210155599655,2024-08-10 12:08:04,1d
SHIB,38.72652606678317,2024-08-10 12:08:04,1d
BCH,46.659661397320704,2024-08-10 12:08:04,1d
DOT,36.89469844058,2024-08-10 12:08:04,1d
LINK,38.64726226443873,2024-08-10 12:08:04,1d
UNI,38.06174931059976,2024-08-10 12:08:04,1d
LTC,40.404027996293166,2024-08-10 12:08:04,1d
NEAR,36.138582258881975,2024-08-10 12:08:04,1d
MATIC,38.0207165534657,2024-08-10 12:08:04,1d
PEPE,40.67408136946179,2024-08-10 12:08:04,1d
ICP,39.745987804206315,2024-08-10 12:08:04,1d
XLM,53.93837280311176,2024-08-10 12:08:04,1d
ETC,40.04356158444541,2024-08-10 12:08:04,1d
APT,44.251958102295006,2024-08-10 12:08:04,1d
SUI,62.3599248318707,2024-08-10 12:08:04,1d
STX,43.69414724363196,2024-08-10 12:08:04,1d
FIL,43.985793032237396,2024-08-10 12:08:04,1d
FET,32.67335730579421,2024-08-10 12:08:04,1d
TAO,50.9625276742718,2024-08-10 12:08:04,1d
ATOM,37.13130218484672,2024-08-10 12:08:04,1d
HBAR,37.90440346185677,2024-08-10 12:08:04,1d
ARB,41.348878460125974,2024-08-10 12:08:04,1d
FDUSD,45.662096830299454,2024-08-10 12:08:04,1d
VET,40.16789925254921,2024-08-10 12:08:04,1d
RENDER,38.576957878393735,2024-08-10 12:08:04,1d
IMX,41.39737567155003,2024-08-10 12:08:04,1d
MKR,36.57071897683035,2024-08-10 12:08:04,1d
WIF,45.50460392608067,2024-08-10 12:08:04,1d
INJ,39.82428617422451,2024-08-10 12:08:04,1d
OP,42.36932494831212,2024-08-10 12:08:04,1d
BONK,41.60689870616857,2024-08-10 12:08:04,1d
AR,38.287688016831794,2024-08-10 12:08:04,1d
AAVE,46.30549144744858,2024-08-10 12:08:04,1d
GRT,34.98055896593286,2024-08-10 12:08:04,1d
NOT,45.90959004741332,2024-08-10 12:08:04,1d
FLOKI,38.424936255424065,2024-08-10 12:08:04,1d
THETA,40.710902653742515,2024-08-10 12:08:04,1d
JUP,47.00729232902874,2024-08-10 12:08:04,1d
TIA,51.1084768220695,2024-08-10 12:08:04,1d
RUNE,38.29687924799829,2024-08-10 12:08:04,1d
JASMY,40.630865151422434,2024-08-10 12:08:04,1d
PYTH,43.23519071826296,2024-08-10 12:08:04,1d
ALGO,39.21044214853602,2024-08-10 12:08:04,1d
LDO,33.5095031888422,2024-08-10 12:08:04,1d
QNT,45.42665026875339,2024-08-10 12:08:04,1d
FTM,37.28167452146976,2024-08-10 12:08:04,1d
SEI,45.27761140880421,2024-08-10 12:08:04,1d
OM,46.67563131982796,2024-08-10 12:08:04,1d
FLOW,43.31672296781245,2024-08-10 12:08:04,1d
EGLD,37.91150448187532,2024-08-10 12:08:04,1d
EOS,39.236283579997576,2024-08-10 12:08:04,1d
AXS,39.066996992378975,2024-08-10 12:08:04,1d
XTZ,42.64744180670141,2024-08-10 12:08:04,1d
NEO,41.077739457293205,2024-08-10 12:08:04,1d
DYDX,37.79369607652491,2024-08-10 12:08:04,1d
BTC,47.62287499625089,2024-08-10 12:16:56,1d
ETH,37.55260051479618,2024-08-10 12:16:56,1d
BNB,43.60981065263858,2024-08-10 12:16:56,1d
SOL,48.25522148980828,2024-08-10 12:16:56,1d
XRP,53.6999557099202,2024-08-10 12:16:56,1d
DOGE,41.309414307816425,2024-08-10 12:16:56,1d
ADA,40.756456198132874,2024-08-10 12:16:56,1d
TRX,49.47857057427502,2024-08-10 12:16:56,1d
AVAX,39.66269729713611,2024-08-10 12:16:56,1d
SHIB,38.63723391061453,2024-08-10 12:16:56,1d
BCH,46.81611752963895,2024-08-10 12:16:56,1d
DOT,36.83207908832614,2024-08-10 12:16:56,1d
LINK,38.64726226443873,2024-08-10 12:16:56,1d
UNI,38.012923384467356,2024-08-10 12:16:56,1d
LTC,40.298000232413614,2024-08-10 12:16:56,1d
NEAR,36.22369368675923,2024-08-10 12:16:56,1d
MATIC,38.04834133403903,2024-08-10 12:16:56,1d
PEPE,40.72529001186382,2024-08-10 12:16:56,1d
ICP,39.7613279930069,2024-08-10 12:16:56,1d
XLM,54.666806634657256,2024-08-10 12:16:56,1d
ETC,40.09137325212161,2024-08-10 12:16:56,1d
APT,44.071146120045846,2024-08-10 12:16:56,1d
SUI,62.14878213217714,2024-08-10 12:16:56,1d
STX,43.823124949447276,2024-08-10 12:16:56,1d
FIL,43.94768886198412,2024-08-10 12:16:56,1d
FET,32.67335730579421,2024-08-10 12:16:56,1d
TAO,51.0496797625866,2024-08-10 12:16:56,1d
ATOM,37.34876232818193,2024-08-10 12:16:56,1d
HBAR,37.90440346185677,2024-08-10 12:16:56,1d
ARB,41.124129183347534,2024-08-10 12:16:56,1d
FDUSD,45.662096830299454,2024-08-10 12:16:56,1d
VET,40.16789925254921,2024-08-10 12:16:56,1d
RENDER,38.64350083703273,2024-08-10 12:16:56,1d
IMX,41.44502009670335,2024-08-10 12:16:56,1d
MKR,36.57071897683035,2024-08-10 12:16:56,1d
WIF,45.73976196894806,2024-08-10 12:16:56,1d
INJ,39.95303042784995,2024-08-10 12:16:56,1d
OP,42.326380937578826,2024-08-10 12:16:56,1d
BONK,41.67270045012873,2024-08-10 12:16:56,1d
AR,38.30990910223534,2024-08-10 12:16:56,1d
AAVE,46.313788030454084,2024-08-10 12:16:56,1d
GRT,35.11306306981274,2024-08-10 12:16:56,1d
NOT,46.1802887951326,2024-08-10 12:16:56,1d
FLOKI,38.52821247874532,2024-08-10 12:16:56,1d
THETA,40.710902653742515,2024-08-10 12:16:56,1d
JUP,47.148396475175836,2024-08-10 12:16:56,1d
TIA,51.16344359152999,2024-08-10 12:16:56,1d
RUNE,38.4152801460731,2024-08-10 12:16:56,1d
JASMY,40.88197194676391,2024-08-10 12:16:56,1d
PYTH,43.34253616668646,2024-08-10 12:16:56,1d
ALGO,39.28029032153779,2024-08-10 12:16:56,1d
LDO,33.5095031888422,2024-08-10 12:16:56,1d
QNT,45.2580921100158,2024-08-10 12:16:56,1d
FTM,37.41039466924863,2024-08-10 12:16:56,1d
SEI,45.53387461552298,2024-08-10 12:16:56,1d
OM,46.69227349976122,2024-08-10 12:16:56,1d
FLOW,43.31672296781245,2024-08-10 12:16:56,1d
EGLD,38.11605755152254,2024-08-10 12:16:56,1d
EOS,39.53963788136609,2024-08-10 12:16:56,1d
AXS,39.096776543612236,2024-08-10 12:16:56,1d
XTZ,42.80020945202751,2024-08-10 12:16:56,1d
NEO,41.077739457293205,2024-08-10 12:16:56,1d
DYDX,37.58344576891178,2024-08-10 12:16:56,1d
BTC,47.60865859004253,2024-08-10 12:17:16,1d
ETH,37.52389160400537,2024-08-10 12:17:16,1d
BNB,43.58309993555379,2024-08-10 12:17:16,1d
SOL,48.25522148980828,2024-08-10 12:17:16,1d
XRP,53.71456566445977,2024-08-10 12:17:16,1d
DOGE,41.309414307816425,2024-08-10 12:17:16,1d
ADA,40.77983886811195,2024-08-10 12:17:16,1d
TRX,49.47857057427502,2024-08-10 12:17:16,1d
AVAX,39.687989159394206,2024-08-10 12:17:16,1d
SHIB,38.63723391061453,2024-08-10 12:17:16,1d
BCH,46.842104362404754,2024-08-10 12:17:16,1d
DOT,36.83207908832614,2024-08-10 12:17:16,1d
LINK,38.64726226443873,2024-08-10 12:17:16,1d
UNI,38.012923384467356,2024-08-10 12:17:16,1d
LTC,40.3192359560555,2024-08-10 12:17:16,1d
NEAR,36.22369368675923,2024-08-10 12:17:16,1d
MATIC,38.04834133403903,2024-08-10 12:17:16,1d
PEPE,40.72529001186382,2024-08-10 12:17:16,1d
ICP,39.738322147711244,2024-08-10 12:17:16,1d
XLM,54.54700518174305,2024-08-10 12:17:16,1d
ETC,40.09137325212161,2024-08-10 12:17:16,1d
APT,44.251958102295006,2024-08-10 12:17:16,1d
SUI,62.14878213217714,2024-08-10 12:17:16,1d
STX,43.86628689372814,2024-08-10 12:17:16,1d
FIL,43.94768886198412,2024-08-10 12:17:16,1d
FET,32.67335730579421,2024-08-10 12:17:16,1d
TAO,51.00606649010777,2024-08-10 12:17:16,1d
ATOM,37.34876232818193,2024-08-10 12:17:16,1d
HBAR,37.90440346185677,2024-08-10 12:17:16,1d
ARB,41.07897247371982,2024-08-10 12:17:16,1d
FDUSD,46.65094027402974,2024-08-10 12:17:16,1d
VET,40.16789925254921,2024-08-10 12:17:16,1d
RENDER,38.60544820688322,2024-08-10 12:17:16,1d
IMX,41.44502009670335,2024-08-10 12:17:16,1d
MKR,36.57071897683035,2024-08-10 12:17:16,1d
WIF,45.7634115194536,2024-08-10 12:17:16,1d
INJ,39.92721502728989,2024-08-10 12:17:16,1d
OP,42.326380937578826,2024-08-10 12:17:16,1d
BONK,41.71668403052533,2024-08-10 12:17:16,1d
AR,38.30990910223534,2024-08-10 12:17:16,1d
AAVE,46.313788030454084,2024-08-10 12:17:16,1d
GRT,35.07984302343931,2024-08-10 12:17:16,1d
NOT,46.1802887951326,2024-08-10 12:17:16,1d
FLOKI,38.51393448875931,2024-08-10 12:17:16,1d
THETA,40.710902653742515,2024-08-10 12:17:16,1d
JUP,47.122678201411254,2024-08-10 12:17:16,1d
TIA,51.16344359152999,2024-08-10 12:17:16,1d
RUNE,38.4152801460731,2024-08-10 12:17:16,1d
JASMY,40.88197194676391,2024-08-10 12:17:16,1d
PYTH,43.321024454958,2024-08-10 12:17:16,1d
ALGO,39.14084194250251,2024-08-10 12:17:16,1d
LDO,33.53898891893664,2024-08-10 12:17:16,1d
QNT,45.2580921100158,2024-08-10 12:17:16,1d
FTM,37.41039466924863,2024-08-10 12:17:16,1d
SEI,45.53387461552298,2024-08-10 12:17:16,1d
OM,46.58391327034877,2024-08-10 12:17:16,1d
FLOW,43.31672296781245,2024-08-10 12:17:16,1d
EGLD,38.01394977178267,2024-08-10 12:17:16,1d
EOS,39.464083620934,2024-08-10 12:17:16,1d
AXS,39.066996992378975,2024-08-10 12:17:16,1d
XTZ,42.80020945202751,2024-08-10 12:17:16,1d
NEO,41.077739457293205,2024-08-10 12:17:16,1d
DYDX,37.47778674611038,2024-08-10 12:17:16,1d
BTC,47.49534468891752,2024-08-10 12:21:53,1d
ETH,37.376130962424824,2024-08-10 12:21:53,1d
BNB,43.39541403322382,2024-08-10 12:21:53,1d
SOL,47.99998876532991,2024-08-10 12:21:53,1d
XRP,53.52391410759408,2024-08-10 12:21:53,1d
DOGE,41.00104024344674,2024-08-10 12:21:53,1d
ADA,40.663193051459615,2024-08-10 12:21:53,1d
TRX,49.47857057427502,2024-08-10 12:21:53,1d
AVAX,39.612210155599655,2024-08-10 12:21:53,1d
SHIB,38.311713345384575,2024-08-10 12:21:53,1d
BCH,46.50228202497253,2024-08-10 12:21:53,1d
DOT,36.69195976458545,2024-08-10 12:21:53,1d
LINK,38.56004423063432,2024-08-10 12:21:53,1d
UNI,37.947702278582724,2024-08-10 12:21:53,1d
LTC,40.2767493911209,2024-08-10 12:21:53,1d
NEAR,36.09012648887367,2024-08-10 12:21:53,1d
MATIC,37.826651114344095,2024-08-10 12:21:53,1d
PEPE,40.67408136946179,2024-08-10 12:21:53,1d
ICP,39.67710317986081,2024-08-10 12:21:53,1d
XLM,54.54700518174305,2024-08-10 12:21:53,1d
ETC,39.94827954688984,2024-08-10 12:21:53,1d
APT,44.071146120045846,2024-08-10 12:21:53,1d
SUI,62.33959467342369,2024-08-10 12:21:53,1d
STX,43.60858305800826,2024-08-10 12:21:53,1d
FIL,43.871678233031105,2024-08-10 12:21:53,1d
FET,32.631531775579944,2024-08-10 12:21:53,1d
TAO,50.897358640168726,2024-08-10 12:21:53,1d
ATOM,37.32166211612504,2024-08-10 12:21:53,1d
HBAR,37.79427561722148,2024-08-10 12:21:53,1d
ARB,40.82177033166568,2024-08-10 12:21:53,1d
FDUSD,45.662096830299454,2024-08-10 12:21:53,1d
VET,39.99941633732893,2024-08-10 12:21:53,1d
RENDER,38.52010318848535,2024-08-10 12:21:53,1d
IMX,41.30241469428605,2024-08-10 12:21:53,1d
MKR,36.44421572710352,2024-08-10 12:21:53,1d
WIF,45.43452729652862,2024-08-10 12:21:53,1d
INJ,39.79863682678477,2024-08-10 12:21:53,1d
OP,42.19806963988285,2024-08-10 12:21:53,1d
BONK,41.47591666663039,2024-08-10 12:21:53,1d
AR,38.17696814181676,2024-08-10 12:21:53,1d
AAVE,45.91887700352913,2024-08-10 12:21:53,1d
GRT,34.947589049860554,2024-08-10 12:21:53,1d
NOT,46.04527895296485,2024-08-10 12:21:53,1d
FLOKI,38.34342038378109,2024-08-10 12:21:53,1d
THETA,40.47974880452346,2024-08-10 12:21:53,1d
JUP,46.94981103646,2024-08-10 12:21:53,1d
TIA,50.94283160069669,2024-08-10 12:21:53,1d
RUNE,38.273144415221886,2024-08-10 12:21:53,1d
JASMY,40.689513347022405,2024-08-10 12:21:53,1d
PYTH,43.14969644084519,2024-08-10 12:21:53,1d
ALGO,38.933515991596956,2024-08-10 12:21:53,1d
LDO,33.421356248088884,2024-08-10 12:21:53,1d
QNT,45.090780216131755,2024-08-10 12:21:53,1d
FTM,37.30316463384797,2024-08-10 12:21:53,1d
SEI,45.32905678379289,2024-08-10 12:21:53,1d
OM,45.95005387586357,2024-08-10 12:21:53,1d
FLOW,43.31672296781245,2024-08-10 12:21:53,1d
EGLD,37.828868719852906,2024-08-10 12:21:53,1d
EOS,39.15996876594621,2024-08-10 12:21:53,1d
AXS,38.99274621097379,2024-08-10 12:21:53,1d
XTZ,42.49576083592201,2024-08-10 12:21:53,1d
NEO,40.81110898547625,2024-08-10 12:21:53,1d
DYDX,37.15865240135558,2024-08-10 12:21:53,1d
BTC,47.47906240841166,2024-08-10 12:26:20,1d
ETH,37.29964850175362,2024-08-10 12:26:20,1d
BNB,43.23354363766702,2024-08-10 12:26:20,1d
SOL,47.85605695846327,2024-08-10 12:26:20,1d
XRP,53.46493570985823,2024-08-10 12:26:20,1d
DOGE,40.90087229516995,2024-08-10 12:26:20,1d
ADA,40.59352531794811,2024-08-10 12:26:20,1d
TRX,49.47857057427502,2024-08-10 12:26:20,1d
AVAX,39.51162048763282,2024-08-10 12:26:20,1d
SHIB,38.20005212327556,2024-08-10 12:26:20,1d
BCH,46.370421384994906,2024-08-10 12:26:20,1d
DOT,36.63002613838955,2024-08-10 12:26:20,1d
LINK,38.472577868391404,2024-08-10 12:26:20,1d
UNI,37.91504023065236,2024-08-10 12:26:20,1d
LTC,40.234202290963744,2024-08-10 12:26:20,1d
NEAR,36.01768598626018,2024-08-10 12:26:20,1d
MATIC,37.7431076844819,2024-08-10 12:26:20,1d
PEPE,40.5720494589876,2024-08-10 12:26:20,1d
ICP,39.55522937219215,2024-08-10 12:26:20,1d
XLM,54.183771288926245,2024-08-10 12:26:20,1d
ETC,39.900808365871185,2024-08-10 12:26:20,1d
APT,44.071146120045846,2024-08-10 12:26:20,1d
SUI,61.88670812351239,2024-08-10 12:26:20,1d
STX,43.52335333004187,2024-08-10 12:26:20,1d
FIL,43.81484258657182,2024-08-10 12:26:20,1d
FET,32.58981319112151,2024-08-10 12:26:20,1d
TAO,50.68132715660704,2024-08-10 12:26:20,1d
ATOM,37.34876232818193,2024-08-10 12:26:20,1d
HBAR,37.79427561722148,2024-08-10 12:26:20,1d
ARB,40.7124606380983,2024-08-10 12:26:20,1d
FDUSD,46.65094027402974,2024-08-10 12:26:20,1d
VET,39.899003313232264,2024-08-10 12:26:20,1d
RENDER,38.48229307315631,2024-08-10 12:26:20,1d
IMX,41.25509739093273,2024-08-10 12:26:20,1d
MKR,36.44421572710352,2024-08-10 12:26:20,1d
WIF,45.411216358647536,2024-08-10 12:26:20,1d
INJ,39.773020497668156,2024-08-10 12:26:20,1d
OP,42.15547190937483,2024-08-10 12:26:20,1d
BONK,41.51948561854305,2024-08-10 12:26:20,1d
AR,38.17696814181676,2024-08-10 12:26:20,1d
AAVE,45.91887700352913,2024-08-10 12:26:20,1d
GRT,34.881835315968786,2024-08-10 12:26:20,1d
NOT,46.314624658813756,2024-08-10 12:26:20,1d
FLOKI,38.33634838912463,2024-08-10 12:26:20,1d
THETA,40.47974880452346,2024-08-10 12:26:20,1d
JUP,46.886107585498785,2024-08-10 12:26:20,1d
TIA,51.09746861687956,2024-08-10 12:26:20,1d
RUNE,38.29687924799829,2024-08-10 12:26:20,1d
JASMY,40.55293004471553,2024-08-10 12:26:20,1d
PYTH,43.14969644084519,2024-08-10 12:26:20,1d
ALGO,38.79651460747359,2024-08-10 12:26:20,1d
LDO,33.36284880438754,2024-08-10 12:26:20,1d
QNT,44.92470081628709,2024-08-10 12:26:20,1d
FTM,37.19556654968356,2024-08-10 12:26:20,1d
SEI,45.251852396633396,2024-08-10 12:26:20,1d
OM,45.718166088997705,2024-08-10 12:26:20,1d
FLOW,43.31672296781245,2024-08-10 12:26:20,1d
EGLD,37.7664515298319,2024-08-10 12:26:20,1d
EOS,39.006762614522245,2024-08-10 12:26:20,1d
AXS,38.90401698528423,2024-08-10 12:26:20,1d
XTZ,42.49576083592201,2024-08-10 12:26:20,1d
NEO,40.81110898547625,2024-08-10 12:26:20,1d
DYDX,37.15865240135558,2024-08-10 12:26:20,1d
BTC,47.503592107237935,2024-08-10 12:27:24,1d
ETH,37.36849111384232,2024-08-10 12:27:24,1d
BNB,43.3145943941649,2024-08-10 12:27:24,1d
SOL,47.94529214135774,2024-08-10 12:27:24,1d
XRP,53.5386353553519,2024-08-10 12:27:24,1d
DOGE,40.97102553007703,2024-08-10 12:27:24,1d
ADA,40.57035575909657,2024-08-10 12:27:24,1d
TRX,49.47857057427502,2024-08-10 12:27:24,1d
AVAX,39.48655284293422,2024-08-10 12:27:24,1d
SHIB,38.311713345384575,2024-08-10 12:27:24,1d
BCH,46.423243566266834,2024-08-10 12:27:24,1d
DOT,36.6609667944351,2024-08-10 12:27:24,1d
LINK,38.472577868391404,2024-08-10 12:27:24,1d
UNI,37.931375551511955,2024-08-10 12:27:24,1d
LTC,40.25548341602829,2024-08-10 12:27:24,1d
NEAR,36.0418004869688,2024-08-10 12:27:24,1d
MATIC,37.79882822845967,2024-08-10 12:27:24,1d
PEPE,40.62300134649219,2024-08-10 12:27:24,1d
ICP,39.5704226376129,2024-08-10 12:27:24,1d
XLM,54.183771288926245,2024-08-10 12:27:24,1d
ETC,39.94827954688984,2024-08-10 12:27:24,1d
APT,44.251958102295006,2024-08-10 12:27:24,1d
SUI,61.89365129408745,2024-08-10 12:27:24,1d
STX,43.565926509501395,2024-08-10 12:27:24,1d
FIL,43.85271664108223,2024-08-10 12:27:24,1d
FET,32.548201142760334,2024-08-10 12:27:24,1d
TAO,50.78911317695801,2024-08-10 12:27:24,1d
ATOM,37.45692923481333,2024-08-10 12:27:24,1d
HBAR,37.79427561722148,2024-08-10 12:27:24,1d
ARB,40.775152471951735,2024-08-10 12:27:24,1d
FDUSD,45.662096830299454,2024-08-10 12:27:24,1d
VET,39.86564424400367,2024-08-10 12:27:24,1d
RENDER,38.48229307315631,2024-08-10 12:27:24,1d
IMX,41.25509739093273,2024-08-10 12:27:24,1d
MKR,36.419020026750076,2024-08-10 12:27:24,1d
WIF,45.481221043294745,2024-08-10 12:27:24,1d
INJ,39.82428617422451,2024-08-10 12:27:24,1d
OP,42.19806963988285,2024-08-10 12:27:24,1d
BONK,41.51948561854305,2024-08-10 12:27:24,1d
AR,38.24332309044995,2024-08-10 12:27:24,1d
AAVE,45.92703561279034,2024-08-10 12:27:24,1d
GRT,34.947589049860554,2024-08-10 12:27:24,1d
NOT,46.314624658813756,2024-08-10 12:27:24,1d
FLOKI,38.36819292560171,2024-08-10 12:27:24,1d
THETA,40.55700009721005,2024-08-10 12:27:24,1d
JUP,46.92430889465726,2024-08-10 12:27:24,1d
TIA,51.09746861687956,2024-08-10 12:27:24,1d
RUNE,38.39163633195701,2024-08-10 12:27:24,1d
JASMY,40.5723857786953,2024-08-10 12:27:24,1d
PYTH,43.14969644084519,2024-08-10 12:27:24,1d
ALGO,38.79651460747359,2024-08-10 12:27:24,1d
LDO,33.36284880438754,2024-08-10 12:27:24,1d
QNT,45.090780216131755,2024-08-10 12:27:24,1d
FTM,37.23865007039119,2024-08-10 12:27:24,1d
SEI,45.35474321487747,2024-08-10 12:27:24,1d
OM,45.744029609275096,2024-08-10 12:27:24,1d
FLOW,43.31672296781245,2024-08-10 12:27:24,1d
EGLD,37.73532011187477,2024-08-10 12:27:24,1d
EOS,39.032350534039985,2024-08-10 12:27:24,1d
AXS,38.918777136404884,2024-08-10 12:27:24,1d
XTZ,42.49576083592201,2024-08-10 12:27:24,1d
NEO,40.81110898547625,2024-08-10 12:27:24,1d
DYDX,37.0515490664153,2024-08-10 12:27:24,1d
BTC,47.503592107237935,2024-08-10 12:28:05,1d
ETH,37.35447988231647,2024-08-10 12:28:05,1d
BNB,43.28760320395807,2024-08-10 12:28:05,1d
SOL,47.86595557209173,2024-08-10 12:28:05,1d
XRP,53.52391410759408,2024-08-10 12:28:05,1d
DOGE,40.950998749326764,2024-08-10 12:28:05,1d
ADA,40.57035575909657,2024-08-10 12:28:05,1d
TRX,49.673487316190744,2024-08-10 12:28:05,1d
AVAX,39.51162048763282,2024-08-10 12:28:05,1d
SHIB,38.311713345384575,2024-08-10 12:28:05,1d
BCH,46.423243566266834,2024-08-10 12:28:05,1d
DOT,36.6764567319583,2024-08-10 12:28:05,1d
LINK,38.56004423063432,2024-08-10 12:28:05,1d
UNI,37.931375551511955,2024-08-10 12:28:05,1d
LTC,40.25548341602829,2024-08-10 12:28:05,1d
NEAR,36.0418004869688,2024-08-10 12:28:05,1d
MATIC,37.826651114344095,2024-08-10 12:28:05,1d
PEPE,40.5720494589876,2024-08-10 12:28:05,1d
ICP,39.5704226376129,2024-08-10 12:28:05,1d
XLM,54.305492595894805,2024-08-10 12:28:05,1d
ETC,39.94827954688984,2024-08-10 12:28:05,1d
APT,44.071146120045846,2024-08-10 12:28:05,1d
SUI,61.84499590850953,2024-08-10 12:28:05,1d
STX,43.565926509501395,2024-08-10 12:28:05,1d
FIL,43.81484258657182,2024-08-10 12:28:05,1d
FET,32.548201142760334,2024-08-10 12:28:05,1d
TAO,50.76751931122226,2024-08-10 12:28:05,1d
ATOM,37.45692923481333,2024-08-10 12:28:05,1d
HBAR,37.79427561722148,2024-08-10 12:28:05,1d
ARB,40.76469042847507,2024-08-10 12:28:05,1d
FDUSD,46.65094027402974,2024-08-10 12:28:05,1d
VET,39.86564424400367,2024-08-10 12:28:05,1d
RENDER,38.48229307315631,2024-08-10 12:28:05,1d
IMX,41.25509739093273,2024-08-10 12:28:05,1d
MKR,36.419020026750076,2024-08-10 12:28:05,1d
WIF,45.45786217910687,2024-08-10 12:28:05,1d
INJ,39.82428617422451,2024-08-10 12:28:05,1d
OP,42.15547190937483,2024-08-10 12:28:05,1d
BONK,41.497689706690764,2024-08-10 12:28:05,1d
AR,38.24332309044995,2024-08-10 12:28:05,1d
AAVE,45.91072129239019,2024-08-10 12:28:05,1d
GRT,34.91468122495132,2024-08-10 12:28:05,1d
NOT,46.314624658813756,2024-08-10 12:28:05,1d
FLOKI,38.35403326932179,2024-08-10 12:28:05,1d
THETA,40.55700009721005,2024-08-10 12:28:05,1d
JUP,46.9052004619438,2024-08-10 12:28:05,1d
TIA,51.09746861687956,2024-08-10 12:28:05,1d
RUNE,38.344294197393396,2024-08-10 12:28:05,1d
JASMY,40.51407450093625,2024-08-10 12:28:05,1d
PYTH,43.14969644084519,2024-08-10 12:28:05,1d
ALGO,38.79651460747359,2024-08-10 12:28:05,1d
LDO,33.33367183272851,2024-08-10 12:28:05,1d
QNT,45.2580921100158,2024-08-10 12:28:05,1d
FTM,37.174002600190875,2024-08-10 12:28:05,1d
SEI,45.35474321487747,2024-08-10 12:28:05,1d
OM,45.72679000176527,2024-08-10 12:28:05,1d
FLOW,43.31672296781245,2024-08-10 12:28:05,1d
EGLD,37.73532011187477,2024-08-10 12:28:05,1d
EOS,39.032350534039985,2024-08-10 12:28:05,1d
AXS,38.918777136404884,2024-08-10 12:28:05,1d
XTZ,42.49576083592201,2024-08-10 12:28:05,1d
NEO,40.81110898547625,2024-08-10 12:28:05,1d
DYDX,37.0515490664153,2024-08-10 12:28:05,1d
BTC,47.788023268071676,2024-08-10 12:31:27,1d
ETH,37.58676347981725,2024-08-10 12:31:27,1d
BNB,43.55636390199016,2024-08-10 12:31:27,1d
SOL,48.15480739206227,2024-08-10 12:31:27,1d
XRP,53.6999557099202,2024-08-10 12:31:27,1d
DOGE,41.25989477701875,2024-08-10 12:31:27,1d
ADA,40.756456198132874,2024-08-10 12:31:27,1d
TRX,49.673487316190744,2024-08-10 12:31:27,1d
AVAX,39.687989159394206,2024-08-10 12:31:27,1d
SHIB,38.54768112861346,2024-08-10 12:31:27,1d
BCH,46.659661397320704,2024-08-10 12:31:27,1d
DOT,36.78525388981997,2024-08-10 12:31:27,1d
LINK,38.820957564977334,2024-08-10 12:31:27,1d
UNI,38.15917077083856,2024-08-10 12:31:27,1d
LTC,40.38285258222264,2024-08-10 12:31:27,1d
NEAR,36.22369368675923,2024-08-10 12:31:27,1d
MATIC,38.1310681213982,2024-08-10 12:31:27,1d
PEPE,40.77662776010601,2024-08-10 12:31:27,1d
ICP,39.753656418734025,2024-08-10 12:31:27,1d
XLM,54.666806634657256,2024-08-10 12:31:27,1d
ETC,40.13929922972178,2024-08-10 12:31:27,1d
APT,44.43160476044459,2024-08-10 12:31:27,1d
SUI,62.285273395602765,2024-08-10 12:31:27,1d
STX,43.78004785949654,2024-08-10 12:31:27,1d
FIL,44.02396333510391,2024-08-10 12:31:27,1d
FET,32.67335730579421,2024-08-10 12:31:27,1d
TAO,51.0496797625866,2024-08-10 12:31:27,1d
ATOM,37.64532529724849,2024-08-10 12:31:27,1d
HBAR,37.90440346185677,2024-08-10 12:31:27,1d
ARB,40.89765081624717,2024-08-10 12:31:27,1d
FDUSD,45.662096830299454,2024-08-10 12:31:27,1d
VET,40.10033605150355,2024-08-10 12:31:27,1d
RENDER,38.64350083703273,2024-08-10 12:31:27,1d
IMX,41.44502009670335,2024-08-10 12:31:27,1d
MKR,36.46944631377782,2024-08-10 12:31:27,1d
WIF,45.716136848979254,2024-08-10 12:31:27,1d
INJ,40.08260979202129,2024-08-10 12:31:27,1d
OP,42.24075354672912,2024-08-10 12:31:27,1d
BONK,41.67270045012873,2024-08-10 12:31:27,1d
AR,38.4437791598219,2024-08-10 12:31:27,1d
AAVE,46.09081879111906,2024-08-10 12:31:27,1d
GRT,35.14634609352248,2024-08-10 12:31:27,1d
NOT,46.44829157826362,2024-08-10 12:31:27,1d
FLOKI,38.54964932417492,2024-08-10 12:31:27,1d
THETA,40.78755546910129,2024-08-10 12:31:27,1d
JUP,47.109829583167574,2024-08-10 12:31:27,1d
TIA,52.22688938060379,2024-08-10 12:31:27,1d
RUNE,38.55676280127027,2024-08-10 12:31:27,1d
JASMY,40.76797482050492,2024-08-10 12:31:27,1d
PYTH,43.54116223335148,2024-08-10 12:31:27,1d
ALGO,39.21044214853602,2024-08-10 12:31:27,1d
LDO,33.48006925784131,2024-08-10 12:31:27,1d
QNT,45.629147773905515,2024-08-10 12:31:27,1d
FTM,37.53858754080382,2024-08-10 12:31:27,1d
SEI,45.737163526527645,2024-08-10 12:31:27,1d
OM,45.83865202238685,2024-08-10 12:31:27,1d
FLOW,43.58200268197949,2024-08-10 12:31:27,1d
EGLD,38.16698539587306,2024-08-10 12:31:27,1d
EOS,39.31240718261813,2024-08-10 12:31:27,1d
AXS,39.156472054167,2024-08-10 12:31:27,1d
XTZ,42.49576083592201,2024-08-10 12:31:27,1d
NEO,40.98847636965867,2024-08-10 12:31:27,1d
DYDX,37.371769396597,2024-08-10 12:31:27,1d
BTC,47.813798536850626,2024-08-10 12:31:58,1d
ETH,37.64992962684005,2024-08-10 12:31:58,1d
BNB,43.58309993555379,2024-08-10 12:31:58,1d
SOL,48.23007872576378,2024-08-10 12:31:58,1d
XRP,53.729166401581004,2024-08-10 12:31:58,1d
DOGE,41.28961651799672,2024-08-10 12:31:58,1d
ADA,40.826684790738796,2024-08-10 12:31:58,1d
TRX,49.86690582177238,2024-08-10 12:31:58,1d
AVAX,39.7386697752255,2024-08-10 12:31:58,1d
SHIB,38.45786657804075,2024-08-10 12:31:58,1d
BCH,46.685801313327566,2024-08-10 12:31:58,1d
DOT,36.84771399035568,2024-08-10 12:31:58,1d
LINK,38.90743692592747,2024-08-10 12:31:58,1d
UNI,38.272442513374365,2024-08-10 12:31:58,1d
LTC,40.404027996293166,2024-08-10 12:31:58,1d
NEAR,36.26029286107754,2024-08-10 12:31:58,1d
MATIC,38.21357426592207,2024-08-10 12:31:58,1d
PEPE,40.82809510305184,2024-08-10 12:31:58,1d
ICP,39.7613279930069,2024-08-10 12:31:58,1d
XLM,54.666806634657256,2024-08-10 12:31:58,1d
ETC,40.13929922972178,2024-08-10 12:31:58,1d
APT,44.61009732399031,2024-08-10 12:31:58,1d
SUI,62.319242541656955,2024-08-10 12:31:58,1d
STX,43.86628689372814,2024-08-10 12:31:58,1d
FIL,44.07249650001916,2024-08-10 12:31:58,1d
FET,32.71529019352589,2024-08-10 12:31:58,1d
TAO,51.071514379778506,2024-08-10 12:31:58,1d
ATOM,37.72571946698871,2024-08-10 12:31:58,1d
HBAR,38.015174979913404,2024-08-10 12:31:58,1d
ARB,40.95821524020156,2024-08-10 12:31:58,1d
FDUSD,46.65094027402974,2024-08-10 12:31:58,1d
VET,40.10033605150355,2024-08-10 12:31:58,1d
RENDER,38.64350083703273,2024-08-10 12:31:58,1d
IMX,41.492774316584736,2024-08-10 12:31:58,1d
MKR,36.494711859279306,2024-08-10 12:31:58,1d
WIF,45.716136848979254,2024-08-10 12:31:58,1d
INJ,40.10862659363123,2024-08-10 12:31:58,1d
OP,42.36932494831212,2024-08-10 12:31:58,1d
BONK,41.73871065606149,2024-08-10 12:31:58,1d
AR,38.4437791598219,2024-08-10 12:31:58,1d
AAVE,46.13194727266593,2024-08-10 12:31:58,1d
GRT,35.14634609352248,2024-08-10 12:31:58,1d
NOT,46.58129453772443,2024-08-10 12:31:58,1d
FLOKI,38.57111003752567,2024-08-10 12:31:58,1d
THETA,40.86401033685271,2024-08-10 12:31:58,1d
JUP,47.17414283693619,2024-08-10 12:31:58,1d
TIA,52.205864199900496,2024-08-10 12:31:58,1d
RUNE,38.60377933577889,2024-08-10 12:31:58,1d
JASMY,40.79651529852293,2024-08-10 12:31:58,1d
PYTH,43.597177587174784,2024-08-10 12:31:58,1d
ALGO,39.28029032153779,2024-08-10 12:31:58,1d
LDO,33.45068698955656,2024-08-10 12:31:58,1d
QNT,45.629147773905515,2024-08-10 12:31:58,1d
FTM,37.58120188508187,2024-08-10 12:31:58,1d
SEI,45.78774886474752,2024-08-10 12:31:58,1d
OM,45.9756969464197,2024-08-10 12:31:58,1d
FLOW,43.58200268197949,2024-08-10 12:31:58,1d
EGLD,38.21782948626337,2024-08-10 12:31:58,1d
EOS,39.388340291546584,2024-08-10 12:31:58,1d
AXS,39.2163501374903,2024-08-10 12:31:58,1d
XTZ,42.49576083592201,2024-08-10 12:31:58,1d
NEO,41.077739457293205,2024-08-10 12:31:58,1d
DYDX,37.371769396597,2024-08-10 12:31:58,1d
BTC,47.8550440275087,2024-08-10 12:33:17,1d
ETH,37.73395253667743,2024-08-10 12:33:17,1d
BNB,43.58309993555379,2024-08-10 12:33:17,1d
SOL,48.25522148980828,2024-08-10 12:33:17,1d
XRP,53.6999557099202,2024-08-10 12:33:17,1d
DOGE,41.31930819654531,2024-08-10 12:33:17,1d
ADA,40.89715582682054,2024-08-10 12:33:17,1d
TRX,50.438342695427515,2024-08-10 12:33:17,1d
AVAX,39.7386697752255,2024-08-10 12:33:17,1d
SHIB,38.54768112861346,2024-08-10 12:33:17,1d
BCH,46.73800435998455,2024-08-10 12:33:17,1d
DOT,36.89469844058,2024-08-10 12:33:17,1d
LINK,38.90743692592747,2024-08-10 12:33:17,1d
UNI,38.320860619406766,2024-08-10 12:33:17,1d
LTC,40.42518837311451,2024-08-10 12:33:17,1d
NEAR,36.28473342559166,2024-08-10 12:33:17,1d
MATIC,38.1860966791047,2024-08-10 12:33:17,1d
PEPE,40.87969253203602,2024-08-10 12:33:17,1d
ICP,39.8382068994168,2024-08-10 12:33:17,1d
XLM,54.42656885550864,2024-08-10 12:33:17,1d
ETC,40.2107723909204,2024-08-10 12:33:17,1d
APT,44.787446878607746,2024-08-10 12:33:17,1d
SUI,62.305662228814214,2024-08-10 12:33:17,1d
STX,43.952866350148824,2024-08-10 12:33:17,1d
FIL,44.07249650001916,2024-08-10 12:33:17,1d
FET,32.75733085265307,2024-08-10 12:33:17,1d
TAO,51.18096823474034,2024-08-10 12:33:17,1d
ATOM,37.859250059584205,2024-08-10 12:33:17,1d
HBAR,38.015174979913404,2024-08-10 12:33:17,1d
ARB,40.92794855184507,2024-08-10 12:33:17,1d
FDUSD,45.662096830299454,2024-08-10 12:33:17,1d
VET,40.26967201361051,2024-08-10 12:33:17,1d
RENDER,38.64350083703273,2024-08-10 12:33:17,1d
IMX,41.54063871115847,2024-08-10 12:33:17,1d
MKR,36.52001243631536,2024-08-10 12:33:17,1d
WIF,45.69253612171078,2024-08-10 12:33:17,1d
INJ,40.18688003750754,2024-08-10 12:33:17,1d
OP,42.45547492525281,2024-08-10 12:33:17,1d
BONK,41.76076055423077,2024-08-10 12:33:17,1d
AR,38.4437791598219,2024-08-10 12:33:17,1d
AAVE,46.189650614456994,2024-08-10 12:33:17,1d
GRT,35.14634609352248,2024-08-10 12:33:17,1d
NOT,46.6695967496809,2024-08-10 12:33:17,1d
FLOKI,38.603345947175015,2024-08-10 12:33:17,1d
THETA,40.86401033685271,2024-08-10 12:33:17,1d
JUP,47.23863192869887,2024-08-10 12:33:17,1d
TIA,52.24789607101177,2024-08-10 12:33:17,1d
RUNE,38.69759687155835,2024-08-10 12:33:17,1d
JASMY,40.99553112135267,2024-08-10 12:33:17,1d
PYTH,43.597177587174784,2024-08-10 12:33:17,1d
ALGO,39.42073588803942,2024-08-10 12:33:17,1d
LDO,33.45068698955656,2024-08-10 12:33:17,1d
QNT,46.02966772337061,2024-08-10 12:33:17,1d
FTM,37.58120188508187,2024-08-10 12:33:17,1d
SEI,45.813006182531794,2024-08-10 12:33:17,1d
OM,45.95005387586357,2024-08-10 12:33:17,1d
FLOW,43.75423248271003,2024-08-10 12:33:17,1d
EGLD,38.21782948626337,2024-08-10 12:33:17,1d
EOS,39.564780741826596,2024-08-10 12:33:17,1d
AXS,39.231348283506605,2024-08-10 12:33:17,1d
XTZ,42.64744180670141,2024-08-10 12:33:17,1d
NEO,41.16739218072632,2024-08-10 12:33:17,1d
DYDX,37.26539189445868,2024-08-10 12:33:17,1d
BTC,47.867701269623105,2024-08-10 12:33:39,1d
ETH,37.7251407733656,2024-08-10 12:33:39,1d
BNB,43.58309993555379,2024-08-10 12:33:39,1d
SOL,48.23007872576378,2024-08-10 12:33:39,1d
XRP,53.67070811365031,2024-08-10 12:33:39,1d
DOGE,41.31930819654531,2024-08-10 12:33:39,1d
ADA,40.87363846584382,2024-08-10 12:33:39,1d
TRX,50.058843299275814,2024-08-10 12:33:39,1d
AVAX,39.76405865260568,2024-08-10 12:33:39,1d
SHIB,38.54768112861346,2024-08-10 12:33:39,1d
BCH,46.71191562167855,2024-08-10 12:33:39,1d
DOT,36.87902364954288,2024-08-10 12:33:39,1d
LINK,38.90743692592747,2024-08-10 12:33:39,1d
UNI,38.288590326108704,2024-08-10 12:33:39,1d
LTC,40.42518837311451,2024-08-10 12:33:39,1d
NEAR,36.27250902629705,2024-08-10 12:33:39,1d
MATIC,38.1860966791047,2024-08-10 12:33:39,1d
PEPE,40.82809510305184,2024-08-10 12:33:39,1d
ICP,39.830505633213185,2024-08-10 12:33:39,1d
XLM,54.42656885550864,2024-08-10 12:33:39,1d
ETC,40.2107723909204,2024-08-10 12:33:39,1d
APT,44.787446878607746,2024-08-10 12:33:39,1d
SUI,62.29886840092731,2024-08-10 12:33:39,1d
STX,43.952866350148824,2024-08-10 12:33:39,1d
FIL,44.096731536199904,2024-08-10 12:33:39,1d
FET,32.71529019352589,2024-08-10 12:33:39,1d
TAO,51.18096823474034,2024-08-10 12:33:39,1d
ATOM,37.859250059584205,2024-08-10 12:33:39,1d
HBAR,38.015174979913404,2024-08-10 12:33:39,1d
ARB,40.89765081624717,2024-08-10 12:33:39,1d
FDUSD,45.662096830299454,2024-08-10 12:33:39,1d
VET,40.26967201361051,2024-08-10 12:33:39,1d
RENDER,38.633980648528876,2024-08-10 12:33:39,1d
IMX,41.54063871115847,2024-08-10 12:33:39,1d
MKR,36.54534811779518,2024-08-10 12:33:39,1d
WIF,45.69253612171078,2024-08-10 12:33:39,1d
INJ,40.26543942914286,2024-08-10 12:33:39,1d
OP,42.36932494831212,2024-08-10 12:33:39,1d
BONK,41.76076055423077,2024-08-10 12:33:39,1d
AR,38.4437791598219,2024-08-10 12:33:39,1d
AAVE,46.148419224853264,2024-08-10 12:33:39,1d
GRT,35.17969227382363,2024-08-10 12:33:39,1d
NOT,46.6695967496809,2024-08-10 12:33:39,1d
FLOKI,38.6105168013881,2024-08-10 12:33:39,1d
THETA,40.9402680227754,2024-08-10 12:33:39,1d
JUP,47.23863192869887,2024-08-10 12:33:39,1d
TIA,52.24789607101177,2024-08-10 12:33:39,1d
RUNE,38.69759687155835,2024-08-10 12:33:39,1d
JASMY,40.93880612012982,2024-08-10 12:33:39,1d
PYTH,43.597177587174784,2024-08-10 12:33:39,1d
ALGO,39.42073588803942,2024-08-10 12:33:39,1d
LDO,33.45068698955656,2024-08-10 12:33:39,1d
QNT,46.02966772337061,2024-08-10 12:33:39,1d
FTM,37.66625636933491,2024-08-10 12:33:39,1d
SEI,45.813006182531794,2024-08-10 12:33:39,1d
OM,46.00131569668354,2024-08-10 12:33:39,1d
FLOW,43.58200268197949,2024-08-10 12:33:39,1d
EGLD,38.26859002913155,2024-08-10 12:33:39,1d
EOS,39.564780741826596,2024-08-10 12:33:39,1d
AXS,39.24635790588137,2024-08-10 12:33:39,1d
XTZ,42.64744180670141,2024-08-10 12:33:39,1d
NEO,41.16739218072632,2024-08-10 12:33:39,1d
DYDX,37.26539189445868,2024-08-10 12:33:39,1d
BTC,47.92178178695336,2024-08-10 12:36:14,1d
ETH,37.74737519143981,2024-08-10 12:36:14,1d
BNB,43.663156281069334,2024-08-10 12:36:14,1d
SOL,48.41169362704106,2024-08-10 12:36:14,1d
XRP,53.772913395581256,2024-08-10 12:36:14,1d
DOGE,41.2797126135279,2024-08-10 12:36:14,1d
ADA,40.94427182904955,2024-08-10 12:36:14,1d
TRX,49.86690582177238,2024-08-10 12:36:14,1d
AVAX,39.814933857000405,2024-08-10 12:36:14,1d
SHIB,38.72652606678317,2024-08-10 12:36:14,1d
BCH,46.79010527653751,2024-08-10 12:36:14,1d
DOT,36.97327269038765,2024-08-10 12:36:14,1d
LINK,38.99367214695516,2024-08-10 12:36:14,1d
UNI,38.288590326108704,2024-08-10 12:36:14,1d
LTC,40.3192359560555,2024-08-10 12:36:14,1d
NEAR,36.43207151760104,2024-08-10 12:36:14,1d
MATIC,38.32324075941946,2024-08-10 12:36:14,1d
PEPE,40.87969253203602,2024-08-10 12:36:14,1d
ICP,39.96183343636798,2024-08-10 12:36:14,1d
XLM,54.42656885550864,2024-08-10 12:36:14,1d
ETC,40.2107723909204,2024-08-10 12:36:14,1d
APT,45.65742773454264,2024-08-10 12:36:14,1d
SUI,62.427533786575246,2024-08-10 12:36:14,1d
STX,44.17323834968103,2024-08-10 12:36:14,1d
FIL,44.19346200923653,2024-08-10 12:36:14,1d
FET,32.84173715127085,2024-08-10 12:36:14,1d
TAO,51.33499417866911,2024-08-10 12:36:14,1d
ATOM,37.912502094402754,2024-08-10 12:36:14,1d
HBAR,38.23867174179072,2024-08-10 12:36:14,1d
ARB,40.89765081624717,2024-08-10 12:36:14,1d
FDUSD,46.65094027402974,2024-08-10 12:36:14,1d
VET,40.523040407166334,2024-08-10 12:36:14,1d
RENDER,38.681628556653024,2024-08-10 12:36:14,1d
IMX,41.636699553026915,2024-08-10 12:36:14,1d
MKR,36.57071897683035,2024-08-10 12:36:14,1d
WIF,45.858254786316394,2024-08-10 12:36:14,1d
INJ,40.34430656629903,2024-08-10 12:36:14,1d
OP,42.41235618885416,2024-08-10 12:36:14,1d
BONK,41.87136042892206,2024-08-10 12:36:14,1d
AR,38.55605431552982,2024-08-10 12:36:14,1d
AAVE,46.214424831917476,2024-08-10 12:36:14,1d
GRT,35.24657482462834,2024-08-10 12:36:14,1d
NOT,46.84532826729069,2024-08-10 12:36:14,1d
FLOKI,38.62486650501674,2024-08-10 12:36:14,1d
THETA,41.09219489255022,2024-08-10 12:36:14,1d
JUP,47.33569684330463,2024-08-10 12:36:14,1d
TIA,52.28985407842221,2024-08-10 12:36:14,1d
RUNE,38.79112812584321,2024-08-10 12:36:14,1d
JASMY,41.052147264692,2024-08-10 12:36:14,1d
PYTH,43.680992520029264,2024-08-10 12:36:14,1d
ALGO,39.49133596515356,2024-08-10 12:36:14,1d
LDO,33.56852658498245,2024-08-10 12:36:14,1d
QNT,45.83014807758434,2024-08-10 12:36:14,1d
FTM,37.60248725940605,2024-08-10 12:36:14,1d
SEI,46.06429095942839,2024-08-10 12:36:14,1d
OM,45.99277881338091,2024-08-10 12:36:14,1d
FLOW,43.75423248271003,2024-08-10 12:36:14,1d
EGLD,38.57141026384054,2024-08-10 12:36:14,1d
EOS,39.64008400955318,2024-08-10 12:36:14,1d
AXS,39.36927015347255,2024-08-10 12:36:14,1d
XTZ,42.80020945202751,2024-08-10 12:36:14,1d
NEO,41.16739218072632,2024-08-10 12:36:14,1d
DYDX,37.371769396597,2024-08-10 12:36:14,1d
BTC,48.09903459001558,2024-08-10 12:38:50,1d
ETH,37.880448995357206,2024-08-10 12:38:50,1d
BNB,43.663156281069334,2024-08-10 12:38:50,1d
SOL,48.553898061960936,2024-08-10 12:38:50,1d
XRP,53.75834025843809,2024-08-10 12:38:50,1d
DOGE,41.38847212628302,2024-08-10 12:38:50,1d
ADA,41.11003621573747,2024-08-10 12:38:50,1d
TRX,50.058843299275814,2024-08-10 12:38:50,1d
AVAX,39.89149122457413,2024-08-10 12:38:50,1d
SHIB,38.90433303941946,2024-08-10 12:38:50,1d
BCH,47.12629238087239,2024-08-10 12:38:50,1d
DOT,37.00479617990801,2024-08-10 12:38:50,1d
LINK,39.16541429299052,2024-08-10 12:38:50,1d
UNI,38.38530006258136,2024-08-10 12:38:50,1d
LTC,40.4885794400884,2024-08-10 12:38:50,1d
NEAR,36.56818651124903,2024-08-10 12:38:50,1d
MATIC,38.405235490801815,2024-08-10 12:38:50,1d
PEPE,40.98327962590846,2024-08-10 12:38:50,1d
ICP,39.99286005111609,2024-08-10 12:38:50,1d
XLM,54.42656885550864,2024-08-10 12:38:50,1d
ETC,40.28207507898461,2024-08-10 12:38:50,1d
APT,45.82814426459208,2024-08-10 12:38:50,1d
SUI,62.52177931183082,2024-08-10 12:38:50,1d
STX,44.228060839923266,2024-08-10 12:38:50,1d
FIL,44.337931689074644,2024-08-10 12:38:50,1d
FET,32.926579555523105,2024-08-10 12:38:50,1d
TAO,51.33499417866911,2024-08-10 12:38:50,1d
ATOM,38.04523373079695,2024-08-10 12:38:50,1d
HBAR,38.23867174179072,2024-08-10 12:38:50,1d
ARB,41.1842305706486,2024-08-10 12:38:50,1d
FDUSD,45.662096830299454,2024-08-10 12:38:50,1d
VET,40.723291665379946,2024-08-10 12:38:50,1d
RENDER,38.854138513114655,2024-08-10 12:38:50,1d
IMX,41.83844349302581,2024-08-10 12:38:50,1d
MKR,36.702547853970046,2024-08-10 12:38:50,1d
WIF,45.95349198912303,2024-08-10 12:38:50,1d
INJ,40.34430656629903,2024-08-10 12:38:50,1d
OP,42.572243363645754,2024-08-10 12:38:50,1d
BONK,42.071923563845125,2024-08-10 12:38:50,1d
AR,38.623734745404306,2024-08-10 12:38:50,1d
AAVE,46.313788030454084,2024-08-10 12:38:50,1d
GRT,35.41489912173391,2024-08-10 12:38:50,1d
NOT,46.88908033902109,2024-08-10 12:38:50,1d
FLOKI,38.69317351531781,2024-08-10 12:38:50,1d
THETA,41.16786558833651,2024-08-10 12:38:50,1d
JUP,47.4722597986127,2024-08-10 12:38:50,1d
TIA,52.31080544405786,2024-08-10 12:38:50,1d
RUNE,38.88437440700676,2024-08-10 12:38:50,1d
JASMY,41.13686805564812,2024-08-10 12:38:50,1d
PYTH,44.0963582569352,2024-08-10 12:38:50,1d
ALGO,39.63329748849609,2024-08-10 12:38:50,1d
LDO,33.714973205712084,2024-08-10 12:38:50,1d
QNT,46.22772301200484,2024-08-10 12:38:50,1d
FTM,37.793404361661224,2024-08-10 12:38:50,1d
SEI,46.213946242732035,2024-08-10 12:38:50,1d
OM,46.06951372763512,2024-08-10 12:38:50,1d
FLOW,43.92541393619865,2024-08-10 12:38:50,1d
EGLD,38.7716452793279,2024-08-10 12:38:50,1d
EOS,39.79012896987991,2024-08-10 12:38:50,1d
AXS,39.60017869445676,2024-08-10 12:38:50,1d
XTZ,42.80020945202751,2024-08-10 12:38:50,1d
NEO,41.34787678435197,2024-08-10 12:38:50,1d
DYDX,37.58344576891178,2024-08-10 12:38:50,1d
BTC,48.12549643643152,2024-08-10 12:41:09,1d
ETH,37.85622010955779,2024-08-10 12:41:09,1d
BNB,43.636496089185954,2024-08-10 12:41:09,1d
SOL,48.65087066447889,2024-08-10 12:41:09,1d
XRP,53.772913395581256,2024-08-10 12:41:09,1d
DOGE,41.398339380529286,2024-08-10 12:41:09,1d
ADA,41.1814896894084,2024-08-10 12:41:09,1d
TRX,50.058843299275814,2024-08-10 12:41:09,1d
AVAX,39.86593941037235,2024-08-10 12:41:09,1d
SHIB,38.90433303941946,2024-08-10 12:41:09,1d
BCH,47.12629238087239,2024-08-10 12:41:09,1d
DOT,37.05218233197642,2024-08-10 12:41:09,1d
LINK,39.07966426045039,2024-08-10 12:41:09,1d
UNI,38.545811126432454,2024-08-10 12:41:09,1d
LTC,40.4674640790343,2024-08-10 12:41:09,1d
NEAR,36.56818651124903,2024-08-10 12:41:09,1d
MATIC,38.37792814796612,2024-08-10 12:41:09,1d
PEPE,41.03527028596372,2024-08-10 12:41:09,1d
ICP,40.01616164774677,2024-08-10 12:41:09,1d
XLM,54.305492595894805,2024-08-10 12:41:09,1d
ETC,40.424171469513354,2024-08-10 12:41:09,1d
APT,45.82814426459208,2024-08-10 12:41:09,1d
SUI,62.60218568403807,2024-08-10 12:41:09,1d
STX,44.228060839923266,2024-08-10 12:41:09,1d
FIL,44.26579046963351,2024-08-10 12:41:09,1d
FET,32.969165354837116,2024-08-10 12:41:09,1d
TAO,51.31293373782467,2024-08-10 12:41:09,1d
ATOM,37.9922092359151,2024-08-10 12:41:09,1d
HBAR,38.23867174179072,2024-08-10 12:41:09,1d
ARB,41.109084639397224,2024-08-10 12:41:09,1d
FDUSD,46.65094027402974,2024-08-10 12:41:09,1d
VET,40.723291665379946,2024-08-10 12:41:09,1d
RENDER,38.89268322536773,2024-08-10 12:41:09,1d
IMX,41.9053818890194,2024-08-10 12:41:09,1d
MKR,36.702547853970046,2024-08-10 12:41:09,1d
WIF,45.95349198912303,2024-08-10 12:41:09,1d
INJ,40.37066431266558,2024-08-10 12:41:09,1d
OP,42.630450054462514,2024-08-10 12:41:09,1d
BONK,42.04954393817488,2024-08-10 12:41:09,1d
AR,38.782583585334244,2024-08-10 12:41:09,1d
AAVE,46.313788030454084,2024-08-10 12:41:09,1d
GRT,35.41489912173391,2024-08-10 12:41:09,1d
NOT,46.88908033902109,2024-08-10 12:41:09,1d
FLOKI,38.75088287681365,2024-08-10 12:41:09,1d
THETA,41.16786558833651,2024-08-10 12:41:09,1d
JUP,47.45270258210495,2024-08-10 12:41:09,1d
TIA,52.258392489975705,2024-08-10 12:41:09,1d
RUNE,38.90764160281361,2024-08-10 12:41:09,1d
JASMY,41.080414612531804,2024-08-10 12:41:09,1d
PYTH,44.775184617789286,2024-08-10 12:41:09,1d
ALGO,39.704661676585125,2024-08-10 12:41:09,1d
LDO,33.65659622273209,2024-08-10 12:41:09,1d
QNT,46.22772301200484,2024-08-10 12:41:09,1d
FTM,37.75107937136753,2024-08-10 12:41:09,1d
SEI,46.38749780511131,2024-08-10 12:41:09,1d
OM,46.12054931062906,2024-08-10 12:41:09,1d
FLOW,44.0955565851949,2024-08-10 12:41:09,1d
EGLD,38.7716452793279,2024-08-10 12:41:09,1d
EOS,39.81506396796877,2024-08-10 12:41:09,1d
AXS,39.66910868157325,2024-08-10 12:41:09,1d
XTZ,43.26515048133973,2024-08-10 12:41:09,1d
NEO,41.529950904926885,2024-08-10 12:41:09,1d
DYDX,37.58344576891178,2024-08-10 12:41:09,1d
BTC,47.837184193433,2024-08-10 12:45:32,1d
ETH,37.7721080460184,2024-08-10 12:45:32,1d
BNB,43.44916588172957,2024-08-10 12:45:32,1d
SOL,48.569183816928415,2024-08-10 12:45:32,1d
XRP,53.772913395581256,2024-08-10 12:45:32,1d
DOGE,41.210291612546214,2024-08-10 12:45:32,1d
ADA,40.99149651747203,2024-08-10 12:45:32,1d
TRX,50.058843299275814,2024-08-10 12:45:32,1d
AVAX,39.840420308774455,2024-08-10 12:45:32,1d
SHIB,38.90433303941946,2024-08-10 12:45:32,1d
BCH,46.86806581207956,2024-08-10 12:45:32,1d
DOT,36.754103178811825,2024-08-10 12:45:32,1d
LINK,39.07966426045039,2024-08-10 12:45:32,1d
UNI,38.38530006258136,2024-08-10 12:45:32,1d
LTC,40.19159452611514,2024-08-10 12:45:32,1d
NEAR,36.493816140530335,2024-08-10 12:45:32,1d
MATIC,38.26845621844405,2024-08-10 12:45:32,1d
PEPE,40.93142054088014,2024-08-10 12:45:32,1d
ICP,39.96183343636798,2024-08-10 12:45:32,1d
XLM,54.305492595894805,2024-08-10 12:45:32,1d
ETC,40.2107723909204,2024-08-10 12:45:32,1d
APT,45.485631814907684,2024-08-10 12:45:32,1d
SUI,62.43428132616151,2024-08-10 12:45:32,1d
STX,44.1183079749819,2024-08-10 12:45:32,1d
FIL,44.14513865258853,2024-08-10 12:45:32,1d
FET,32.84173715127085,2024-08-10 12:45:32,1d
TAO,51.246866030525766,2024-08-10 12:45:32,1d
ATOM,37.80590659851645,2024-08-10 12:45:32,1d
HBAR,38.23867174179072,2024-08-10 12:45:32,1d
ARB,41.124129183347534,2024-08-10 12:45:32,1d
FDUSD,45.662096830299454,2024-08-10 12:45:32,1d
VET,40.47276600833536,2024-08-10 12:45:32,1d
RENDER,38.79646448155403,2024-08-10 12:45:32,1d
IMX,41.83844349302581,2024-08-10 12:45:32,1d
MKR,36.54534811779518,2024-08-10 12:45:32,1d
WIF,45.83450713373065,2024-08-10 12:45:32,1d
INJ,40.23921886038507,2024-08-10 12:45:32,1d
OP,42.41235618885416,2024-08-10 12:45:32,1d
BONK,41.87136042892206,2024-08-10 12:45:32,1d
AR,38.601148216506566,2024-08-10 12:45:32,1d
AAVE,46.18139844346759,2024-08-10 12:45:32,1d
GRT,35.31371216994464,2024-08-10 12:45:32,1d
NOT,46.88908033902109,2024-08-10 12:45:32,1d
FLOKI,38.66438324392282,2024-08-10 12:45:32,1d
THETA,41.01632928870316,2024-08-10 12:45:32,1d
JUP,47.426651345936165,2024-08-10 12:45:32,1d
TIA,52.24789607101177,2024-08-10 12:45:32,1d
RUNE,38.83778680660348,2024-08-10 12:45:32,1d
JASMY,40.99553112135267,2024-08-10 12:45:32,1d
PYTH,44.694597169454724,2024-08-10 12:45:32,1d
ALGO,39.63329748849609,2024-08-10 12:45:32,1d
LDO,33.56852658498245,2024-08-10 12:45:32,1d
QNT,46.22772301200484,2024-08-10 12:45:32,1d
FTM,37.64501448670654,2024-08-10 12:45:32,1d
SEI,46.16415351109217,2024-08-10 12:45:32,1d
OM,46.38270187646082,2024-08-10 12:45:32,1d
FLOW,43.92541393619865,2024-08-10 12:45:32,1d
EGLD,38.62159169772467,2024-08-10 12:45:32,1d
EOS,39.665143414287094,2024-08-10 12:45:32,1d
AXS,39.71497466737339,2024-08-10 12:45:32,1d
XTZ,42.95407549163096,2024-08-10 12:45:32,1d
NEO,41.438713845518386,2024-08-10 12:45:32,1d
DYDX,37.47778674611038,2024-08-10 12:45:32,1d
BTC,47.975972078682105,2024-08-10 12:47:33,1d
ETH,37.724721103378705,2024-08-10 12:47:33,1d
BNB,43.50281574131971,2024-08-10 12:47:33,1d
SOL,48.702064623998176,2024-08-10 12:47:33,1d
XRP,53.729166401581004,2024-08-10 12:47:33,1d
DOGE,41.309414307816425,2024-08-10 12:47:33,1d
ADA,40.99149651747203,2024-08-10 12:47:33,1d
TRX,50.058843299275814,2024-08-10 12:47:33,1d
AVAX,39.89149122457413,2024-08-10 12:47:33,1d
SHIB,38.815558733216854,2024-08-10 12:47:33,1d
BCH,47.0233035417761,2024-08-10 12:47:33,1d
DOT,36.78525388981997,2024-08-10 12:47:33,1d
LINK,38.99367214695516,2024-08-10 12:47:33,1d
UNI,38.40138889034427,2024-08-10 12:47:33,1d
LTC,40.25548341602829,2024-08-10 12:47:33,1d
NEAR,36.5061901881969,2024-08-10 12:47:33,1d
MATIC,38.29586064915864,2024-08-10 12:47:33,1d
PEPE,40.98327962590846,2024-08-10 12:47:33,1d
ICP,39.938595049554706,2024-08-10 12:47:33,1d
XLM,54.42656885550864,2024-08-10 12:47:33,1d
ETC,40.28207507898461,2024-08-10 12:47:33,1d
APT,45.82814426459208,2024-08-10 12:47:33,1d
SUI,62.72215042328319,2024-08-10 12:47:33,1d
STX,44.1183079749819,2024-08-10 12:47:33,1d
FIL,44.16931078728693,2024-08-10 12:47:33,1d
FET,32.926579555523105,2024-08-10 12:47:33,1d
TAO,51.15903994768473,2024-08-10 12:47:33,1d
ATOM,37.83258977204074,2024-08-10 12:47:33,1d
HBAR,38.23867174179072,2024-08-10 12:47:33,1d
ARB,41.048829498319414,2024-08-10 12:47:33,1d
FDUSD,45.662096830299454,2024-08-10 12:47:33,1d
VET,40.523040407166334,2024-08-10 12:47:33,1d
RENDER,38.84451426954901,2024-08-10 12:47:33,1d
IMX,41.9053818890194,2024-08-10 12:47:33,1d
MKR,36.494711859279306,2024-08-10 12:47:33,1d
WIF,45.90582399248916,2024-08-10 12:47:33,1d
INJ,40.34430656629903,2024-08-10 12:47:33,1d
OP,42.326380937578826,2024-08-10 12:47:33,1d
BONK,41.91576458487277,2024-08-10 12:47:33,1d
AR,38.601148216506566,2024-08-10 12:47:33,1d
AAVE,46.189650614456994,2024-08-10 12:47:33,1d
GRT,35.31371216994464,2024-08-10 12:47:33,1d
NOT,46.84532826729069,2024-08-10 12:47:33,1d
FLOKI,38.671576794425604,2024-08-10 12:47:33,1d
THETA,41.01632928870316,2024-08-10 12:47:33,1d
JUP,47.426651345936165,2024-08-10 12:47:33,1d
TIA,51.98397728102658,2024-08-10 12:47:33,1d
RUNE,39.300490812536886,2024-08-10 12:47:33,1d
JASMY,40.93880612012982,2024-08-10 12:47:33,1d
PYTH,44.85553755422666,2024-08-10 12:47:33,1d
ALGO,39.562189376635445,2024-08-10 12:47:33,1d
LDO,33.56852658498245,2024-08-10 12:47:33,1d
QNT,46.02966772337061,2024-08-10 12:47:33,1d
FTM,37.55990198384001,2024-08-10 12:47:33,1d
SEI,46.039267407288904,2024-08-10 12:47:33,1d
OM,46.47511160938772,2024-08-10 12:47:33,1d
FLOW,43.92541393619865,2024-08-10 12:47:33,1d
EGLD,38.7716452793279,2024-08-10 12:47:33,1d
EOS,39.79012896987991,2024-08-10 12:47:33,1d
AXS,39.78364303559508,2024-08-10 12:47:33,1d
XTZ,43.10905181437941,2024-08-10 12:47:33,1d
NEO,41.438713845518386,2024-08-10 12:47:33,1d
DYDX,37.47778674611038,2024-08-10 12:47:33,1d
BTC,47.9244495226747,2024-08-10 12:53:36,1d
ETH,37.7117085276691,2024-08-10 12:53:36,1d
BNB,43.52960251593812,2024-08-10 12:53:36,1d
SOL,48.57937966832547,2024-08-10 12:53:36,1d
XRP,53.845641515604136,2024-08-10 12:53:36,1d
DOGE,41.2797126135279,2024-08-10 12:53:36,1d
ADA,41.01514973659632,2024-08-10 12:53:36,1d
TRX,50.24931669443058,2024-08-10 12:53:36,1d
AVAX,39.86593941037235,2024-08-10 12:53:36,1d
SHIB,38.90433303941946,2024-08-10 12:53:36,1d
BCH,47.0233035417761,2024-08-10 12:53:36,1d
DOT,36.645489935431115,2024-08-10 12:53:36,1d
LINK,38.90743692592747,2024-08-10 12:53:36,1d
UNI,38.43354135234312,2024-08-10 12:53:36,1d
LTC,40.14892596673674,2024-08-10 12:53:36,1d
NEAR,36.45674427772006,2024-08-10 12:53:36,1d
MATIC,38.21357426592207,2024-08-10 12:53:36,1d
PEPE,40.98327962590846,2024-08-10 12:53:36,1d
ICP,40.03949041327431,2024-08-10 12:53:36,1d
XLM,54.7859782211031,2024-08-10 12:53:36,1d
ETC,40.424171469513354,2024-08-10 12:53:36,1d
APT,45.82814426459208,2024-08-10 12:53:36,1d
SUI,62.83474589278901,2024-08-10 12:53:36,1d
STX,44.00812229587478,2024-08-10 12:53:36,1d
FIL,44.24170182335256,2024-08-10 12:53:36,1d
FET,32.969165354837116,2024-08-10 12:53:36,1d
TAO,51.35707359610797,2024-08-10 12:53:36,1d
ATOM,37.83258977204074,2024-08-10 12:53:36,1d
HBAR,38.351408505714474,2024-08-10 12:53:36,1d
ARB,40.67077307114486,2024-08-10 12:53:36,1d
FDUSD,45.662096830299454,2024-08-10 12:53:36,1d
VET,40.67335537360681,2024-08-10 12:53:36,1d
RENDER,38.681628556653024,2024-08-10 12:53:36,1d
IMX,41.83844349302581,2024-08-10 12:53:36,1d
MKR,36.52001243631536,2024-08-10 12:53:36,1d
WIF,45.858254786316394,2024-08-10 12:53:36,1d
INJ,40.50297133892325,2024-08-10 12:53:36,1d
OP,42.2835238916839,2024-08-10 12:53:36,1d
BONK,41.84919361247502,2024-08-10 12:53:36,1d
AR,38.64634772170006,2024-08-10 12:53:36,1d
AAVE,45.91887700352913,2024-08-10 12:53:36,1d
GRT,35.34737684597545,2024-08-10 12:53:36,1d
NOT,47.01990546618861,2024-08-10 12:53:36,1d
FLOKI,38.650004168644955,2024-08-10 12:53:36,1d
THETA,41.16786558833651,2024-08-10 12:53:36,1d
JUP,47.36814051865222,2024-08-10 12:53:36,1d
TIA,51.49066612807276,2024-08-10 12:53:36,1d
RUNE,39.32344230892986,2024-08-10 12:53:36,1d
JASMY,40.9671822475896,2024-08-10 12:53:36,1d
PYTH,44.694597169454724,2024-08-10 12:53:36,1d
ALGO,39.63329748849609,2024-08-10 12:53:36,1d
LDO,33.53898891893664,2024-08-10 12:53:36,1d
QNT,46.42433000582655,2024-08-10 12:53:36,1d
FTM,37.60248725940605,2024-08-10 12:53:36,1d
SEI,45.96405724012259,2024-08-10 12:53:36,1d
OM,46.57555961825242,2024-08-10 12:53:36,1d
FLOW,43.92541393619865,2024-08-10 12:53:36,1d
EGLD,38.72170900535901,2024-08-10 12:53:36,1d
EOS,39.69018202001393,2024-08-10 12:53:36,1d
AXS,39.82933510534025,2024-08-10 12:53:36,1d
XTZ,42.95407549163096,2024-08-10 12:53:36,1d
NEO,41.34787678435197,2024-08-10 12:53:36,1d
DYDX,37.47778674611038,2024-08-10 12:53:36,1d
BTC,47.74933496931409,2024-08-10 13:04:05,1d
ETH,37.54500366524549,2024-08-10 13:04:05,1d
BNB,43.58309993555379,2024-08-10 13:04:05,1d
SOL,48.406630301406224,2024-08-10 13:04:05,1d
XRP,53.772913395581256,2024-08-10 13:04:05,1d
DOGE,41.10086921411403,2024-08-10 13:04:05,1d
ADA,40.96787056399562,2024-08-10 13:04:05,1d
TRX,50.24931669443058,2024-08-10 13:04:05,1d
AVAX,39.76405865260568,2024-08-10 13:04:05,1d
SHIB,38.992850108349046,2024-08-10 13:04:05,1d
BCH,47.12629238087239,2024-08-10 13:04:05,1d
DOT,36.53751673368501,2024-08-10 13:04:05,1d
LINK,38.73423302586086,2024-08-10 13:04:05,1d
UNI,38.25628624774271,2024-08-10 13:04:05,1d
LTC,39.99910536873446,2024-08-10 13:04:05,1d
NEAR,36.345979225059,2024-08-10 13:04:05,1d
MATIC,38.10351708515133,2024-08-10 13:04:05,1d
PEPE,40.82809510305184,2024-08-10 13:04:05,1d
ICP,39.930854925435035,2024-08-10 13:04:05,1d
XLM,54.42656885550864,2024-08-10 13:04:05,1d
ETC,40.13929922972178,2024-08-10 13:04:05,1d
APT,45.65742773454264,2024-08-10 13:04:05,1d
SUI,62.74870480885588,2024-08-10 13:04:05,1d
STX,43.90953394330862,2024-08-10 13:04:05,1d
FIL,44.00486990633823,2024-08-10 13:04:05,1d
FET,32.88410362922339,2024-08-10 13:04:05,1d
TAO,51.31293373782467,2024-08-10 13:04:05,1d
ATOM,37.698944454217454,2024-08-10 13:04:05,1d
HBAR,38.23867174179072,2024-08-10 13:04:05,1d
ARB,40.67077307114486,2024-08-10 13:04:05,1d
FDUSD,44.71430358788835,2024-08-10 13:04:05,1d
VET,40.47276600833536,2024-08-10 13:04:05,1d
RENDER,38.65302571862424,2024-08-10 13:04:05,1d
IMX,41.54063871115847,2024-08-10 13:04:05,1d
MKR,36.368732995981595,2024-08-10 13:04:05,1d
WIF,45.7634115194536,2024-08-10 13:04:05,1d
INJ,40.851063083185,2024-08-10 13:04:05,1d
OP,42.19806963988285,2024-08-10 13:04:05,1d
BONK,41.71668403052533,2024-08-10 13:04:05,1d
AR,38.53354685103373,2024-08-10 13:04:05,1d
AAVE,45.9760482155249,2024-08-10 13:04:05,1d
GRT,35.213101790652175,2024-08-10 13:04:05,1d
NOT,46.88908033902109,2024-08-10 13:04:05,1d
FLOKI,38.485410232555594,2024-08-10 13:04:05,1d
THETA,40.86401033685271,2024-08-10 13:04:05,1d
JUP,47.193471068695374,2024-08-10 13:04:05,1d
TIA,50.371144329594635,2024-08-10 13:04:05,1d
RUNE,39.46078762191144,2024-08-10 13:04:05,1d
JASMY,40.76797482050492,2024-08-10 13:04:05,1d
PYTH,44.47854296656664,2024-08-10 13:04:05,1d
ALGO,39.562189376635445,2024-08-10 13:04:05,1d
LDO,33.392076898015446,2024-08-10 13:04:05,1d
QNT,45.83014807758434,2024-08-10 13:04:05,1d
FTM,37.41039466924863,2024-08-10 13:04:05,1d
SEI,45.66110826708239,2024-08-10 13:04:05,1d
OM,46.06099839585354,2024-08-10 13:04:05,1d
FLOW,43.75423248271003,2024-08-10 13:04:05,1d
EGLD,38.57141026384054,2024-08-10 13:04:05,1d
EOS,39.53963788136609,2024-08-10 13:04:05,1d
AXS,39.76077096779299,2024-08-10 13:04:05,1d
XTZ,42.95407549163096,2024-08-10 13:04:05,1d
NEO,41.16739218072632,2024-08-10 13:04:05,1d
DYDX,37.47778674611038,2024-08-10 13:04:05,1d
BTC,47.72985732942816,2024-08-10 13:05:07,1d
ETH,37.59687866259346,2024-08-10 13:05:07,1d
BNB,43.44916588172957,2024-08-10 13:05:07,1d
SOL,48.477613382937626,2024-08-10 13:05:07,1d
XRP,53.802032130732954,2024-08-10 13:05:07,1d
DOGE,41.11083353364789,2024-08-10 13:05:07,1d
ADA,40.92070026562479,2024-08-10 13:05:07,1d
TRX,50.24931669443058,2024-08-10 13:05:07,1d
AVAX,39.78947999243064,2024-08-10 13:05:07,1d
SHIB,38.815558733216854,2024-08-10 13:05:07,1d
BCH,47.17763678538888,2024-08-10 13:05:07,1d
DOT,36.58371295389053,2024-08-10 13:05:07,1d
LINK,38.820957564977334,2024-08-10 13:05:07,1d
UNI,38.288590326108704,2024-08-10 13:05:07,1d
LTC,39.99910536873446,2024-08-10 13:05:07,1d
NEAR,36.345979225059,2024-08-10 13:05:07,1d
MATIC,38.15859464181332,2024-08-10 13:05:07,1d
PEPE,40.87969253203602,2024-08-10 13:05:07,1d
ICP,39.96958557594816,2024-08-10 13:05:07,1d
XLM,54.42656885550864,2024-08-10 13:05:07,1d
ETC,40.13929922972178,2024-08-10 13:05:07,1d
APT,45.82814426459208,2024-08-10 13:05:07,1d
SUI,62.887496975300486,2024-08-10 13:05:07,1d
STX,43.90953394330862,2024-08-10 13:05:07,1d
FIL,44.04824044210836,2024-08-10 13:05:07,1d
FET,32.926579555523105,2024-08-10 13:05:07,1d
TAO,51.33499417866911,2024-08-10 13:05:07,1d
ATOM,37.72571946698871,2024-08-10 13:05:07,1d
HBAR,38.23867174179072,2024-08-10 13:05:07,1d
ARB,40.722895886315925,2024-08-10 13:05:07,1d
FDUSD,44.71430358788835,2024-08-10 13:05:07,1d
VET,40.523040407166334,2024-08-10 13:05:07,1d
RENDER,38.719831588225304,2024-08-10 13:05:07,1d
IMX,41.5886136621442,2024-08-10 13:05:07,1d
MKR,36.39385914041153,2024-08-10 13:05:07,1d
WIF,45.83450713373065,2024-08-10 13:05:07,1d
INJ,40.98654295575402,2024-08-10 13:05:07,1d
OP,42.2835238916839,2024-08-10 13:05:07,1d
BONK,41.76076055423077,2024-08-10 13:05:07,1d
AR,38.53354685103373,2024-08-10 13:05:07,1d
AAVE,45.943361531860894,2024-08-10 13:05:07,1d
GRT,35.213101790652175,2024-08-10 13:05:07,1d
NOT,46.757607512686086,2024-08-10 13:05:07,1d
FLOKI,38.57111003752567,2024-08-10 13:05:07,1d
THETA,40.9402680227754,2024-08-10 13:05:07,1d
JUP,47.21926669529078,2024-08-10 13:05:07,1d
TIA,50.29163586246718,2024-08-10 13:05:07,1d
RUNE,39.52922737449903,2024-08-10 13:05:07,1d
JASMY,40.79651529852293,2024-08-10 13:05:07,1d
PYTH,44.505642012650064,2024-08-10 13:05:07,1d
ALGO,39.562189376635445,2024-08-10 13:05:07,1d
LDO,33.45068698955656,2024-08-10 13:05:07,1d
QNT,46.02966772337061,2024-08-10 13:05:07,1d
FTM,37.49591496974021,2024-08-10 13:05:07,1d
SEI,45.96405724012259,2024-08-10 13:05:07,1d
OM,46.146030897201605,2024-08-10 13:05:07,1d
FLOW,43.75423248271003,2024-08-10 13:05:07,1d
EGLD,38.72170900535901,2024-08-10 13:05:07,1d
EOS,39.64008400955318,2024-08-10 13:05:07,1d
AXS,39.692050395082966,2024-08-10 13:05:07,1d
XTZ,42.95407549163096,2024-08-10 13:05:07,1d
NEO,41.16739218072632,2024-08-10 13:05:07,1d
DYDX,37.47778674611038,2024-08-10 13:05:07,1d
BTC,47.919269419261575,2024-08-10 13:16:58,1d
ETH,37.824861617877005,2024-08-10 13:16:58,1d
BNB,43.663156281069334,2024-08-10 13:16:58,1d
SOL,48.68669512701641,2024-08-10 13:16:58,1d
XRP,54.10557859665697,2024-08-10 13:16:58,1d
DOGE,41.269805367099174,2024-08-10 13:16:58,1d
ADA,41.01514973659632,2024-08-10 13:16:58,1d
TRX,50.438342695427515,2024-08-10 13:16:58,1d
AVAX,39.89149122457413,2024-08-10 13:16:58,1d
SHIB,39.081111056465176,2024-08-10 13:16:58,1d
BCH,47.559564268789416,2024-08-10 13:16:58,1d
DOT,36.6609667944351,2024-08-10 13:16:58,1d
LINK,39.250923265381076,2024-08-10 13:16:58,1d
UNI,38.48170716007332,2024-08-10 13:16:58,1d
LTC,40.25548341602829,2024-08-10 13:16:58,1d
NEAR,36.5806110527779,2024-08-10 13:16:58,1d
MATIC,38.37792814796612,2024-08-10 13:16:58,1d
PEPE,41.03527028596372,2024-08-10 13:16:58,1d
ICP,40.055058040931925,2024-08-10 13:16:58,1d
XLM,54.54700518174305,2024-08-10 13:16:58,1d
ETC,40.5655932400283,2024-08-10 13:16:58,1d
APT,45.99779154586654,2024-08-10 13:16:58,1d
SUI,62.80831407691871,2024-08-10 13:16:58,1d
STX,44.228060839923266,2024-08-10 13:16:58,1d
FIL,44.02396333510391,2024-08-10 13:16:58,1d
FET,33.31408526446961,2024-08-10 13:16:58,1d
TAO,50.9625276742718,2024-08-10 13:16:58,1d
ATOM,38.07171198579029,2024-08-10 13:16:58,1d
HBAR,38.351408505714474,2024-08-10 13:16:58,1d
ARB,41.1842305706486,2024-08-10 13:16:58,1d
FDUSD,45.662096830299454,2024-08-10 13:16:58,1d
VET,40.67335537360681,2024-08-10 13:16:58,1d
RENDER,38.86376752693016,2024-08-10 13:16:58,1d
IMX,41.77135066215283,2024-08-10 13:16:58,1d
MKR,36.46944631377782,2024-08-10 13:16:58,1d
WIF,46.17309076200308,2024-08-10 13:16:58,1d
INJ,41.17773150150137,2024-08-10 13:16:58,1d
OP,42.51391844077707,2024-08-10 13:16:58,1d
BONK,41.89355074059641,2024-08-10 13:16:58,1d
AR,38.69165320251277,2024-08-10 13:16:58,1d
AAVE,46.049763579631296,2024-08-10 13:16:58,1d
GRT,35.31371216994464,2024-08-10 13:16:58,1d
NOT,47.27963167445367,2024-08-10 13:16:58,1d
FLOKI,38.72922170457628,2024-08-10 13:16:58,1d
THETA,41.09219489255022,2024-08-10 13:16:58,1d
JUP,47.45270258210495,2024-08-10 13:16:58,1d
TIA,49.994074942463854,2024-08-10 13:16:58,1d
RUNE,39.62024002941271,2024-08-10 13:16:58,1d
JASMY,40.9671822475896,2024-08-10 13:16:58,1d
PYTH,45.3853055628394,2024-08-10 13:16:58,1d
ALGO,39.81303504342183,2024-08-10 13:16:58,1d
LDO,33.65659622273209,2024-08-10 13:16:58,1d
QNT,46.22772301200484,2024-08-10 13:16:58,1d
FTM,37.66625636933491,2024-08-10 13:16:58,1d
SEI,46.48616819555943,2024-08-10 13:16:58,1d
OM,45.95860427044106,2024-08-10 13:16:58,1d
FLOW,43.92541393619865,2024-08-10 13:16:58,1d
EGLD,38.871274063231645,2024-08-10 13:16:58,1d
EOS,39.81506396796877,2024-08-10 13:16:58,1d
AXS,39.71497466737339,2024-08-10 13:16:58,1d
XTZ,43.10905181437941,2024-08-10 13:16:58,1d
NEO,41.34787678435197,2024-08-10 13:16:58,1d
DYDX,37.47778674611038,2024-08-10 13:16:58,1d
BTC,47.63297025628959,2024-08-10 13:23:21,1d
ETH,37.671377001185895,2024-08-10 13:23:21,1d
BNB,43.3684997722022,2024-08-10 13:23:21,1d
SOL,48.51318304773544,2024-08-10 13:23:21,1d
XRP,53.961531708770096,2024-08-10 13:23:21,1d
DOGE,41.04101241256981,2024-08-10 13:23:21,1d
ADA,41.038830268594786,2024-08-10 13:23:21,1d
TRX,50.24931669443058,2024-08-10 13:23:21,1d
AVAX,39.76405865260568,2024-08-10 13:23:21,1d
SHIB,38.815558733216854,2024-08-10 13:23:21,1d
BCH,47.45825800848059,2024-08-10 13:23:21,1d
DOT,36.6609667944351,2024-08-10 13:23:21,1d
LINK,39.07966426045039,2024-08-10 13:23:21,1d
UNI,38.36920282820018,2024-08-10 13:23:21,1d
LTC,40.1061964826194,2024-08-10 13:23:21,1d
NEAR,36.45674427772006,2024-08-10 13:23:21,1d
MATIC,38.1310681213982,2024-08-10 13:23:21,1d
PEPE,40.98327962590846,2024-08-10 13:23:21,1d
ICP,39.930854925435035,2024-08-10 13:23:21,1d
XLM,54.183771288926245,2024-08-10 13:23:21,1d
ETC,40.35320790309003,2024-08-10 13:23:21,1d
APT,46.33391829413676,2024-08-10 13:23:21,1d
SUI,63.13603334131558,2024-08-10 13:23:21,1d
STX,44.063269397055585,2024-08-10 13:23:21,1d
FIL,43.89065622977891,2024-08-10 13:23:21,1d
FET,33.14136457834786,2024-08-10 13:23:21,1d
TAO,50.83235606480393,2024-08-10 13:23:21,1d
ATOM,38.01873282386529,2024-08-10 13:23:21,1d
HBAR,38.23867174179072,2024-08-10 13:23:21,1d
ARB,41.169216730337325,2024-08-10 13:23:21,1d
FDUSD,44.71430358788835,2024-08-10 13:23:21,1d
VET,40.422406546197585,2024-08-10 13:23:21,1d
RENDER,38.86376752693016,2024-08-10 13:23:21,1d
IMX,41.7041028613337,2024-08-10 13:23:21,1d
MKR,36.368732995981595,2024-08-10 13:23:21,1d
WIF,45.95349198912303,2024-08-10 13:23:21,1d
INJ,41.17773150150137,2024-08-10 13:23:21,1d
OP,42.51391844077707,2024-08-10 13:23:21,1d
BONK,41.76076055423077,2024-08-10 13:23:21,1d
AR,38.64634772170006,2024-08-10 13:23:21,1d
AAVE,45.96787218504563,2024-08-10 13:23:21,1d
GRT,35.213101790652175,2024-08-10 13:23:21,1d
NOT,47.365642104854395,2024-08-10 13:23:21,1d
FLOKI,38.7111892178536,2024-08-10 13:23:21,1d
THETA,40.86401033685271,2024-08-10 13:23:21,1d
JUP,47.2774100862318,2024-08-10 13:23:21,1d
TIA,49.97103801464657,2024-08-10 13:23:21,1d
RUNE,39.46078762191144,2024-08-10 13:23:21,1d
JASMY,40.91040269965319,2024-08-10 13:23:21,1d
PYTH,45.306490200919434,2024-08-10 13:23:21,1d
ALGO,39.42073588803942,2024-08-10 13:23:21,1d
LDO,33.53898891893664,2024-08-10 13:23:21,1d
QNT,46.02966772337061,2024-08-10 13:23:21,1d
FTM,37.49591496974021,2024-08-10 13:23:21,1d
SEI,46.3132558966559,2024-08-10 13:23:21,1d
OM,45.72679000176527,2024-08-10 13:23:21,1d
FLOW,43.75423248271003,2024-08-10 13:23:21,1d
EGLD,38.62159169772467,2024-08-10 13:23:21,1d
EOS,39.76517330177381,2024-08-10 13:23:21,1d
AXS,39.438727883721995,2024-08-10 13:23:21,1d
XTZ,42.80020945202751,2024-08-10 13:23:21,1d
NEO,41.077739457293205,2024-08-10 13:23:21,1d
DYDX,37.15865240135558,2024-08-10 13:23:21,1d
